NIFTY 500,NIFTY 50,SECURITIES IN F&O,NIFTY ALPHA 50,NIFTY NEXT 50,NIFTY MIDCAP 50,NIFTY AUTO,NIFTY BANK,NIFTY ENERGY,NIFTY FIN SERVICE,NIFTY FMCG,NIFTY IT,NIFTY MEDIA,NIFTY METAL,NIFTY PHARMA,NIFTY PSU BANK,NIFTY PVT BANK,NIFTY REALTY,NIFTY MIDCAP 100,NIFTY MIDCAP 150,NIFTY SMALLCAP 50,NIFTY SMALLCAP 100,NIFTY SMALLCAP 250,NIFTY MIDSMALLCAP 400,NIFTY 100,NIFTY 200,NIFTY FINANCIAL SERVICES 25/50,NIFTY COMMODITIES,NIFTY INDIA CONSUMPTION,NIFTY CPSE,NIFTY INFRASTRUCTURE,NIFTY MNC,NIFTY GROWTH SECTORS 15,NIFTY PSE,NIFTY SERVICES SECTOR,NIFTY100 LIQUID 15,NIFTY MIDCAP LIQUID 15,NIFTY DIVIDEND OPPORTUNITIES 50,NIFTY50 VALUE 20,NIFTY100 QUALITY 30,NIFTY50 EQUAL WEIGHT,NIFTY100 EQUAL WEIGHT,NIFTY100 LOW VOLATILITY 30,NIFTY200 QUALITY 30,NIFTY ALPHA LOW-VOLATILITY 30,NIFTY200 MOMENTUM 30
360ONE,ADANIENT,AARTIIND,AEGISLOG,ABB,ALKEM,ASHOKLEY,AUBANK,ABB,AXISBANK,BRITANNIA,COFORGE,DBCORP,ADANIENT,ABBOTINDIA,BANKBARODA,AXISBANK,ANANTRAJ,ABCAPITAL,360ONE,AARTIIND,AADHARHFC,AADHARHFC,360ONE,ABB,ABB,AXISBANK,ADANIENSOL,ADANIPOWER,BEL,ADANIGREEN,3MINDIA,APOLLOHOSP,BEL,ADANIPORTS,ADANIENT,ASHOKLEY,ASHOKLEY,BAJAJ-AUTO,ABB,ADANIENT,ABB,APOLLOHOSP,ASIANPAINT,APOLLOHOSP,BEL
3MINDIA,ADANIPORTS,ABB,AMBER,ADANIENSOL,ASHOKLEY,BAJAJ-AUTO,AXISBANK,ADANIENSOL,BAJAJFINSV,COLPAL,HCLTECH,DISHTV,APLAPOLLO,AJANTPHARM,BANKINDIA,BANDHANBNK,BRIGADE,ABFRL,3MINDIA,ABREL,AARTIIND,AARTIIND,3MINDIA,ADANIENSOL,ABCAPITAL,BAJAJFINSV,ADANIGREEN,APOLLOHOSP,COALINDIA,ADANIPORTS,ABB,CIPLA,BHEL,APOLLOHOSP,BAJFINANCE,BHARATFORG,BANKBARODA,CIPLA,ASIANPAINT,ADANIPORTS,ADANIENSOL,ASIANPAINT,BAJAJ-AUTO,BAJAJ-AUTO,BHARTIARTL
AADHARHFC,APOLLOHOSP,ABCAPITAL,BAJFINANCE,ADANIGREEN,ASTRAL,BALKRISIND,BANKBARODA,ADANIGREEN,BAJFINANCE,DABUR,INFY,HATHWAY,HINDALCO,ALKEM,CANBK,FEDERALBNK,DLF,ACC,ABBOTINDIA,AEGISLOG,ABREL,AAVAS,AADHARHFC,ADANIENT,ABFRL,BAJFINANCE,ADANIPOWER,ASIANPAINT,COCHINSHIP,AMBUJACEM,ABBOTINDIA,DIVISLAB,BPCL,AXISBANK,BHARTIARTL,BSE,BPCL,COALINDIA,BAJAJ-AUTO,APOLLOHOSP,ADANIENT,BAJAJ-AUTO,BEL,BHARTIARTL,BOSCHLTD
AARTIIND,ASIANPAINT,ABFRL,BDL,ADANIPOWER,AUBANK,BHARATFORG,CANBK,ADANIPOWER,CHOLAFIN,EMAMILTD,LTIM,NAZARA,HINDCOPPER,AUROPHARMA,CENTRALBK,HDFCBANK,GODREJPROP,ALKEM,ABCAPITAL,AFFLE,ACE,ABREL,AARTIIND,ADANIGREEN,ACC,CHOLAFIN,AMBUJACEM,BAJAJ-AUTO,NBCC,APOLLOHOSP,AMBUJACEM,DIXON,COALINDIA,BAJAJFINSV,COALINDIA,COFORGE,BRITANNIA,DRREDDY,BEL,ASIANPAINT,ADANIGREEN,BAJAJFINSV,BPCL,BOSCHLTD,BSE
AAVAS,AXISBANK,ACC,BEL,AMBUJACEM,AUROPHARMA,BOSCHLTD,FEDERALBNK,AEGISLOG,HDFCAMC,GODREJCP,MPHASIS,NETWORK18,HINDZINC,BIOCON,INDIANB,ICICIBANK,LODHA,APLAPOLLO,ABFRL,AMBER,AEGISLOG,ABSLAMC,AAVAS,ADANIPORTS,ADANIENSOL,HDFCAMC,APLAPOLLO,BHARTIARTL,NHPC,ASHOKLEY,ASHOKLEY,EICHERMOT,CONCOR,BAJFINANCE,INDUSINDBK,CUMMINSIND,CANBK,GRASIM,BOSCHLTD,AXISBANK,ADANIPORTS,BHARTIARTL,BRITANNIA,BRITANNIA,COFORGE
ABB,BAJAJ-AUTO,ADANIENSOL,BHARTIARTL,BAJAJHFL,BHARATFORG,EICHERMOT,HDFCBANK,ATGL,HDFCBANK,HINDUNILVR,NIFTY IT,NIFTY MEDIA,JINDALSTEL,CIPLA,IOB,IDFCFIRSTB,NIFTY REALTY,APOLLOTYRE,ACC,ANGELONE,AFCONS,ACE,ABBOTINDIA,ADANIPOWER,ADANIENT,HDFCBANK,BPCL,BRITANNIA,NIFTY CPSE,BHARATFORG,BOSCHLTD,GODREJCP,GAIL,BHARTIARTL,KOTAKBANK,DIXON,CASTROLIND,HCLTECH,BRITANNIA,BAJAJ-AUTO,ADANIPOWER,BOSCHLTD,COALINDIA,COLPAL,DIVISLAB
ABBOTINDIA,BAJAJFINSV,ADANIENT,BLUESTARCO,BAJAJHLDNG,BHEL,EXIDEIND,ICICIBANK,BHEL,HDFCLIFE,ITC,OFSS,PVRINOX,JSL,DIVISLAB,MAHABANK,INDUSINDBK,OBEROIRLTY,ASHOKLEY,AIAENG,ARE&M,AFFLE,ACMESOLAR,ABCAPITAL,AMBUJACEM,ADANIGREEN,HDFCLIFE,COALINDIA,COLPAL,NLCINDIA,BHARTIARTL,BRITANNIA,HEROMOTOCO,HAL,DMART,MARUTI,GODREJPROP,CESC,HEROMOTOCO,COALINDIA,BAJAJFINSV,AMBUJACEM,BRITANNIA,COLPAL,CUMMINSIND,DIXON
ABCAPITAL,BAJFINANCE,ADANIGREEN,BSE,BANKBARODA,BSE,HEROMOTOCO,IDFCFIRSTB,BPCL,ICICIBANK,MARICO,PERSISTENT,SAREGAMA,JSWSTEEL,DRREDDY,NIFTY PSU BANK,KOTAKBANK,PHOENIXLTD,ASTRAL,AJANTPHARM,ASTERDM,AMBER,AEGISLOG,ABFRL,APOLLOHOSP,ADANIPORTS,ICICIBANK,GRASIM,DLF,NTPC,BPCL,CASTROLIND,HINDUNILVR,HINDPETRO,GAIL,NIFTY100 LIQUID 15,HDFCAMC,COALINDIA,HINDALCO,DABUR,BAJFINANCE,APOLLOHOSP,CIPLA,CUMMINSIND,DIVISLAB,FEDERALBNK
ABFRL,BEL,ADANIPORTS,CDSL,BOSCHLTD,COFORGE,M&M,INDUSINDBK,CASTROLIND,ICICIGI,NESTLEIND,TCS,SUNTV,LLOYDSME,GLAND,PNB,NIFTY PVT BANK,PRESTIGE,ATGL,ALKEM,BRIGADE,ANANTRAJ,AFCONS,ABREL,ASIANPAINT,ADANIPOWER,ICICIGI,HINDALCO,DMART,OIL,CGPOWER,COLPAL,INFY,IOC,HCLTECH,POWERGRID,IDFCFIRSTB,COLPAL,ICICIBANK,DIVISLAB,BEL,ASIANPAINT,DABUR,DABUR,DRREDDY,HCLTECH
ABREL,BHARTIARTL,ALKEM,COCHINSHIP,BPCL,COLPAL,MARUTI,KOTAKBANK,CESC,ICICIPRULI,NIFTY FMCG,TECHM,TIPSMUSIC,NATIONALUM,GLENMARK,PSB,RBLBANK,RAYMOND,AUBANK,APARINDS,BSOFT,ANGELONE,AFFLE,ABSLAMC,AXISBANK,ALKEM,ICICIPRULI,HINDPETRO,EICHERMOT,ONGC,CUMMINSIND,CRISIL,M&M,IRCTC,HDFCBANK,RELIANCE,INDUSTOWER,CUMMINSIND,INDUSINDBK,DRREDDY,BHARTIARTL,AXISBANK,DRREDDY,HAL,GRASIM,INDHOTEL
ABSLAMC,CIPLA,AMBUJACEM,DIVISLAB,BRITANNIA,CONCOR,MOTHERSON,NIFTY BANK,CGPOWER,JIOFIN,PATANJALI,WIPRO,ZEEL,NIFTY METAL,GRANULES,SBIN,YESBANK,SOBHA,AUROPHARMA,APLAPOLLO,CAMS,ARE&M,AIIL,ACC,BAJAJ-AUTO,AMBUJACEM,JIOFIN,IOC,GODREJCP,POWERGRID,DLF,CUMMINSIND,NIFTY GROWTH SECTORS 15,IRFC,HDFCLIFE,SBIN,LUPIN,CYIENT,INFY,EICHERMOT,CIPLA,BAJAJ-AUTO,HCLTECH,HAVELLS,HAVELLS,INFY
ACC,COALINDIA,ANGELONE,DIXON,CANBK,CUMMINSIND,MRF,PNB,COALINDIA,KOTAKBANK,RADICO,,,NMDC,IPCALAB,UCOBANK,,,BANDHANBNK,APOLLOTYRE,CASTROLIND,ASTERDM,AKUMS,ACE,BAJAJFINSV,APLAPOLLO,KOTAKBANK,JINDALSTEL,HAVELLS,SJVN,GAIL,ESCORTS,PERSISTENT,NHPC,ICICIBANK,SHRIRAMFIN,NIFTY MIDCAP LIQUID 15,GAIL,ITC,GODREJCP,COALINDIA,BAJAJFINSV,HDFCBANK,HCLTECH,HCLTECH,KALYANKJIL
ACE,DRREDDY,APLAPOLLO,FORTIS,CGPOWER,DIXON,NIFTY AUTO,SBIN,GAIL,LICHSGFIN,TATACONSUM,,,SAIL,JBCHEPHARM,UNIONBANK,,,BANKINDIA,ASHOKLEY,CDSL,ATUL,ALIVUS,ACMESOLAR,BAJAJHFL,APOLLOHOSP,LICHSGFIN,JSWENERGY,HEROMOTOCO,,GODREJPROP,GLAND,SUNPHARMA,NIFTY PSE,INDIGO,TATAMOTORS,PERSISTENT,GICRE,MARUTI,HAL,DRREDDY,BAJAJHFL,HEROMOTOCO,HDFCAMC,ICICIBANK,LUPIN
ACMESOLAR,EICHERMOT,APOLLOHOSP,FSL,CHOLAFIN,FEDERALBNK,TATAMOTORS,,GSPL,MUTHOOTFIN,UBL,,,TATASTEEL,LAURUSLABS,,,,BDL,ASTRAL,CESC,BATAINDIA,ALKYLAMINE,AEGISLOG,BAJAJHLDNG,APOLLOTYRE,MUTHOOTFIN,JSWSTEEL,HINDUNILVR,,GRASIM,HINDUNILVR,TECHM,NMDC,INDUSINDBK,TATASTEEL,POLICYBZR,HCLTECH,NIFTY50 VALUE 20,HAVELLS,EICHERMOT,BAJAJHLDNG,HINDUNILVR,HEROMOTOCO,ICICIGI,M&M
ADANIENSOL,GRASIM,APOLLOTYRE,GLENMARK,DABUR,GMRAIRPORT,TIINDIA,,GUJGASLTD,NIFTY FIN SERVICE,UNITDSPR,,,VEDL,LUPIN,,,,BHARATFORG,ATGL,CROMPTON,BEML,ALOKINDS,AFCONS,BAJFINANCE,ASHOKLEY,NIFTY FINANCIAL SERVICES 25/50,NHPC,INDHOTEL,,HINDPETRO,HONAUT,TVSMOTOR,NTPC,INFY,TRENT,POLYCAB,HDFCAMC,NTPC,HCLTECH,GRASIM,BAJFINANCE,ICICIBANK,HINDUNILVR,INFY,MOTHERSON
ADANIENT,HCLTECH,ASHOKLEY,GVT&D,DIVISLAB,GODREJPROP,TVSMOTOR,,GVT&D,PFC,VBL,,,WELCORP,MANKIND,,,,BHARTIHEXA,AUBANK,CYIENT,BLS,AMBER,AFFLE,BANKBARODA,ASIANPAINT,PFC,NIFTY COMMODITIES,INDIGO,,INDHOTEL,HYUNDAI,WIPRO,OIL,JIOFIN,ZOMATO,YESBANK,HEROMOTOCO,ONGC,HDFCBANK,HCLTECH,BANKBARODA,INFY,IGL,ITC,NAUKRI
ADANIGREEN,HDFCBANK,ASIANPAINT,HAL,DLF,HDFCAMC,,,HINDPETRO,RECLTD,,,,,NATCOPHARM,,,,BHEL,AUROPHARMA,DELHIVERY,BRIGADE,ANANDRATHI,AIAENG,BEL,ASTRAL,RECLTD,NMDC,ITC,,INDIGO,JBCHEPHARM,,ONGC,KOTAKBANK,,,HINDPETRO,POWERGRID,HEROMOTOCO,HDFCBANK,BEL,ITC,INFY,LUPIN,NIFTY200 MOMENTUM 30
ADANIPORTS,HDFCLIFE,ASTRAL,HSCL,DMART,HINDPETRO,,,IGL,SBICARD,,,,,NIFTY PHARMA,,,,BIOCON,AWL,FIVESTAR,BSOFT,ANANTRAJ,AIIL,BHARTIARTL,ATGL,SBICARD,NTPC,M&M,,INDUSTOWER,LINDEINDIA,,PFC,LTIM,,,HINDUNILVR,SBIN,HINDUNILVR,HDFCLIFE,BHARTIARTL,KOTAKBANK,IRCTC,MRF,OFSS
ADANIPOWER,HEROMOTOCO,ATGL,INDIGO,GAIL,IDEA,,,INOXWIND,SBILIFE,,,,,SUNPHARMA,,,,BSE,BALKRISIND,FSL,CAMS,ANGELONE,AJANTPHARM,BOSCHLTD,AUBANK,SBILIFE,OIL,MARUTI,,IOC,MARUTI,,POWERGRID,MAXHEALTH,,,HINDZINC,TATAMOTORS,INFY,HEROMOTOCO,BOSCHLTD,LT,ITC,NAUKRI,OIL
AEGISLOG,HINDALCO,AUBANK,INDUSTOWER,GODREJCP,IDFCFIRSTB,,,IOC,SBIN,,,,,TORNTPHARM,,,,COCHINSHIP,BANDHANBNK,GESHIP,CASTROLIND,APLLTD,AKUMS,BPCL,AUROPHARMA,SBIN,ONGC,MAXHEALTH,,LT,NESTLEIND,,RECLTD,NAUKRI,,,HUDCO,TCS,IRCTC,HINDALCO,BPCL,MARUTI,KPITTECH,NIFTY ALPHA LOW-VOLATILITY 30,PAYTM
AFCONS,HINDUNILVR,AUROPHARMA,INOXWIND,HAL,INDUSTOWER,,,JPPOWER,SHRIRAMFIN,,,,,ZYDUSLIFE,,,,COFORGE,BANKINDIA,GSPL,CDSL,APTUS,ALIVUS,BRITANNIA,AXISBANK,SHRIRAMFIN,PIDILITIND,NAUKRI,,MAXHEALTH,NIFTY MNC,,RVNL,NIFTY SERVICES SECTOR,,,IEX,WIPRO,ITC,HINDUNILVR,BRITANNIA,NESTLEIND,LTIM,PIDILITIND,PERSISTENT
AFFLE,ICICIBANK,AXISBANK,IREDA,HAVELLS,IRCTC,,,JSWENERGY,,,,,,,,,,COLPAL,BDL,HFCL,CESC,ARE&M,ALKEM,CANBK,BAJAJ-AUTO,,PIIND,NESTLEIND,,MOTHERSON,OFSS,,,NTPC,,,IGL,,LTIM,ICICIBANK,CANBK,NIFTY100 LOW VOLATILITY 30,MARICO,SBIN,POLICYBZR
AIAENG,INDUSINDBK,BAJAJ-AUTO,JUBLFOOD,HYUNDAI,LUPIN,,,MGL,,,,,,,,,,CONCOR,BERGEPAINT,HINDCOPPER,CHAMBLFERT,ASAHIINDIA,ALKYLAMINE,CGPOWER,BAJAJFINSV,,RELIANCE,NIFTY INDIA CONSUMPTION,,NIFTY INFRASTRUCTURE,POWERINDIA,,,POWERGRID,,,INDIANB,,MARUTI,INDUSINDBK,CGPOWER,PIDILITIND,NESTLEIND,SIEMENS,SIEMENS
AIIL,INFY,BAJAJFINSV,KALYANKJIL,ICICIGI,MARICO,,,NHPC,,,,,,,,,,CUMMINSIND,BHARATFORG,HSCL,CREDITACC,ASTERDM,ALOKINDS,CHOLAFIN,BAJAJHFL,,SHREECEM,TATACONSUM,,NTPC,SCHAEFFLER,,,SBILIFE,,,INFY,,NESTLEIND,INFY,CHOLAFIN,RELIANCE,NIFTY200 QUALITY 30,SUNPHARMA,SUNPHARMA
AJANTPHARM,ITC,BAJFINANCE,KAYNES,ICICIPRULI,MAXHEALTH,,,NIFTY ENERGY,,,,,,,,,,DIXON,BHARTIHEXA,IEX,CROMPTON,ASTRAZEN,AMBER,CIPLA,BAJAJHLDNG,,SRF,TATAPOWER,,ONGC,SIEMENS,,,SBIN,,,IOC,,NIFTY100 QUALITY 30,ITC,CIPLA,SBILIFE,OFSS,TCS,TECHM
AKUMS,JIOFIN,BALKRISIND,KFINTECH,INDHOTEL,MPHASIS,,,NLCINDIA,,,,,,,,,,ESCORTS,BHEL,IIFL,CYIENT,ATUL,ANANDRATHI,COALINDIA,BAJFINANCE,,TATAPOWER,TITAN,,POWERGRID,SKFINDIA,,,SHRIRAMFIN,,,IRFC,,PIDILITIND,JIOFIN,COALINDIA,SUNPHARMA,PAGEIND,TECHM,TORNTPHARM
ALIVUS,JSWSTEEL,BANDHANBNK,LUPIN,INDIGO,MRF,,,NTPC,,,,,,,,,,EXIDEIND,BIOCON,INOXWIND,DATAPATTNS,BALRAMCHIN,ANANTRAJ,DABUR,BANDHANBNK,,TATASTEEL,TRENT,,RELIANCE,SUVENPHAR,,,TATAPOWER,,,ITC,,TCS,JSWSTEEL,DABUR,TCS,PERSISTENT,TORNTPHARM,TRENT
ALKEM,KOTAKBANK,BANKBARODA,M&M,IOC,MUTHOOTFIN,,,OIL,,,,,,,,,,FEDERALBNK,BLUESTARCO,KAYNES,DELHIVERY,BASF,ANGELONE,DIVISLAB,BANKBARODA,,TORNTPOWER,TVSMOTOR,,SHREECEM,TIMKEN,,,TCS,,,LICHSGFIN,,TECHM,KOTAKBANK,DIVISLAB,TITAN,PIDILITIND,TVSMOTOR,UNITDSPR
ALKYLAMINE,LT,BANKINDIA,MAZDOCK,IRFC,NHPC,,,ONGC,,,,,,,,,,GLENMARK,BSE,KEC,DEVYANI,BATAINDIA,APARINDS,DLF,BANKINDIA,,ULTRACEMCO,UNITDSPR,,SIEMENS,UBL,,,TECHM,,,MANAPPURAM,,UNITDSPR,LT,DLF,TORNTPHARM,POLYCAB,ULTRACEMCO,VEDL
ALOKINDS,M&M,BEL,MCX,JINDALSTEL,NIFTY MIDCAP 50,,,PETRONET,,,,,,,,,,GMRAIRPORT,COCHINSHIP,KFINTECH,FIRSTCRY,BAYERCROP,APLAPOLLO,DMART,BDL,,UPL,VBL,,TATAPOWER,UNITDSPR,,,WIPRO,,,MPHASIS,,WIPRO,M&M,DMART,ULTRACEMCO,TATAELXSI,UNITDSPR,VOLTAS
AMBER,MARUTI,BERGEPAINT,MOTILALOFS,JSWENERGY,NMDC,,,POWERGRID,,,,,,,,,,GODREJPROP,COFORGE,LALPATHLAB,FIVESTAR,BBTC,APLLTD,DRREDDY,BEL,,VEDL,ZOMATO,,ULTRACEMCO,VEDL,,,ZOMATO,,,NATIONALUM,,ZYDUSLIFE,MARUTI,DRREDDY,WIPRO,TCS,ZYDUSLIFE,ZOMATO
AMBUJACEM,NESTLEIND,BHARATFORG,MUTHOOTFIN,LICI,OBEROIRLTY,,,POWERINDIA,,,,,,,,,,HDFCAMC,COLPAL,LAURUSLABS,FSL,BEML,APOLLOTYRE,EICHERMOT,BHARATFORG,,,,,,,,,,,,NHPC,,,NESTLEIND,EICHERMOT,,,,
ANANDRATHI,NIFTY 50,BHARTIARTL,NATIONALUM,LODHA,OFSS,,,RELIANCE,,,,,,,,,,HINDPETRO,CONCOR,MCX,GESHIP,BIKAJI,APTUS,GAIL,BHARTIARTL,,,,,,,,,,,,NIFTY DIVIDEND OPPORTUNITIES 50,,,NIFTY50 EQUAL WEIGHT,GAIL,,,,
ANANTRAJ,NTPC,BHEL,NAUKRI,LTIM,OIL,,,RPOWER,,,,,,,,,,HINDZINC,COROMANDEL,NATCOPHARM,GODFRYPHLP,BLS,ARE&M,GODREJCP,BHARTIHEXA,,,,,,,,,,,,NMDC,,,NTPC,GODREJCP,,,,
ANGELONE,ONGC,BIOCON,NIFTY ALPHA 50,MOTHERSON,PAGEIND,,,SIEMENS,,,,,,,,,,HUDCO,CRISIL,NAVINFLUOR,GODIGIT,BLUEDART,ASAHIINDIA,GRASIM,BHEL,,,,,,,,,,,,NTPC,,,ONGC,GRASIM,,,,
APARINDS,POWERGRID,BOSCHLTD,OFSS,NAUKRI,PAYTM,,,SJVN,,,,,,,,,,IDEA,CUMMINSIND,NBCC,GRSE,BRIGADE,ASHOKLEY,HAL,BIOCON,,,,,,,,,,,,OFSS,,,POWERGRID,HAL,,,,
APLAPOLLO,RELIANCE,BPCL,PAYTM,NIFTY NEXT 50,PERSISTENT,,,SUZLON,,,,,,,,,,IDFCFIRSTB,DALBHARAT,NCC,GSPL,BSOFT,ASTERDM,HAVELLS,BOSCHLTD,,,,,,,,,,,,OIL,,,RELIANCE,HAVELLS,,,,
APLLTD,SBILIFE,BRITANNIA,PGEL,PFC,PETRONET,,,TATAPOWER,,,,,,,,,,IGL,DEEPAKNTR,NEULANDLAB,HBLENGINE,CAMPUS,ASTRAL,HCLTECH,BPCL,,,,,,,,,,,,ONGC,,,SBILIFE,HCLTECH,,,,
APOLLOHOSP,SBIN,BSE,PHOENIXLTD,PIDILITIND,PHOENIXLTD,,,THERMAX,,,,,,,,,,INDIANB,DIXON,NIFTY SMALLCAP 50,HFCL,CAMS,ASTRAZEN,HDFCBANK,BRITANNIA,,,,,,,,,,,,PAGEIND,,,SBIN,HDFCBANK,,,,
APOLLOTYRE,SHRIRAMFIN,BSOFT,POLICYBZR,PNB,PIIND,,,TORNTPOWER,,,,,,,,,,INDUSTOWER,EMAMILTD,PEL,HINDCOPPER,CANFINHOME,ATGL,HDFCLIFE,BSE,,,,,,,,,,,,PETRONET,,,SHRIRAMFIN,HDFCLIFE,,,,
APTUS,SUNPHARMA,CAMS,POWERINDIA,RECLTD,POLICYBZR,,,TRITURBINE,,,,,,,,,,IRB,ENDURANCE,PNBHOUSING,HSCL,CAPLIPOINT,ATUL,HEROMOTOCO,CANBK,,,,,,,,,,,,PFC,,,SUNPHARMA,HEROMOTOCO,,,,
ARE&M,TATACONSUM,CANBK,PPLPHARMA,SHREECEM,POLYCAB,,,,,,,,,,,,,IRCTC,ESCORTS,POONAWALLA,IDBI,CARBORUNIV,AUBANK,HINDALCO,CGPOWER,,,,,,,,,,,,POWERGRID,,,TATACONSUM,HINDALCO,,,,
ASAHIINDIA,TATAMOTORS,CDSL,RPOWER,SIEMENS,PRESTIGE,,,,,,,,,,,,,IREDA,EXIDEIND,PPLPHARMA,IEX,CASTROLIND,AUROPHARMA,HINDUNILVR,CHOLAFIN,,,,,,,,,,,,RECLTD,,,TATAMOTORS,HINDUNILVR,,,,
ASHOKLEY,TATASTEEL,CESC,RVNL,SWIGGY,SAIL,,,,,,,,,,,,,JUBLFOOD,FEDERALBNK,RADICO,IFCI,CCL,AWL,HYUNDAI,CIPLA,,,,,,,,,,,,SAIL,,,TATASTEEL,HYUNDAI,,,,
ASIANPAINT,TCS,CGPOWER,SUZLON,TATAPOWER,SBICARD,,,,,,,,,,,,,KALYANKJIL,FLUOROCHEM,RAMCOCEM,IGIL,CDSL,BALKRISIND,ICICIBANK,COALINDIA,,,,,,,,,,,,SBIN,,,TCS,ICICIBANK,,,,
ASTERDM,TECHM,CHAMBLFERT,TORNTPOWER,TORNTPHARM,SRF,,,,,,,,,,,,,KPITTECH,FORTIS,RKFORGE,IIFL,CEATLTD,BALRAMCHIN,ICICIGI,COCHINSHIP,,,,,,,,,,,,SHRIRAMFIN,,,TECHM,ICICIGI,,,,
ASTRAL,TITAN,CHOLAFIN,TRENT,TVSMOTOR,SUPREMEIND,,,,,,,,,,,,,LICHSGFIN,GICRE,RPOWER,IKS,CENTRALBK,BANDHANBNK,ICICIPRULI,COFORGE,,,,,,,,,,,,TCS,,,TITAN,ICICIPRULI,,,,
ASTRAZEN,TRENT,CIPLA,UPL,UNITDSPR,TIINDIA,,,,,,,,,,,,,LTF,GLAND,SONATSOFTW,INDIAMART,CENTURYPLY,BANKINDIA,INDHOTEL,COLPAL,,,,,,,,,,,,TECHM,,,TRENT,INDHOTEL,,,,
ATGL,ULTRACEMCO,COALINDIA,VEDL,VBL,TORNTPOWER,,,,,,,,,,,,,LUPIN,GLAXO,TATACHEM,INOXWIND,CERA,BASF,INDIGO,CONCOR,,,,,,,,,,,,UNIONBANK,,,ULTRACEMCO,INDIGO,,,,
ATUL,WIPRO,COFORGE,VOLTAS,VEDL,VOLTAS,,,,,,,,,,,,,M&MFIN,GLENMARK,TEJASNET,IRCON,CESC,BATAINDIA,INDUSINDBK,CUMMINSIND,,,,,,,,,,,,VEDL,,,WIPRO,INDUSINDBK,,,,
AUBANK,ZOMATO,COLPAL,ZOMATO,ZYDUSLIFE,YESBANK,,,,,,,,,,,,,MAHABANK,GMRAIRPORT,ZENSARTECH,ITI,CGCL,BAYERCROP,INFY,DABUR,,,,,,,,,,,,WIPRO,,,ZOMATO,INFY,,,,
AUROPHARMA,,CONCOR,,,,,,,,,,,,,,,,MANKIND,GODREJIND,,JBMA,CHALET,BBTC,IOC,DIVISLAB,,,,,,,,,,,,,,,,IOC,,,,
AWL,,CROMPTON,,,,,,,,,,,,,,,,MARICO,GODREJPROP,,JWL,CHAMBLFERT,BDL,IRFC,DIXON,,,,,,,,,,,,,,,,IRFC,,,,
AXISBANK,,CUMMINSIND,,,,,,,,,,,,,,,,MAXHEALTH,GUJGASLTD,,KARURVYSYA,CHENNPETRO,BEML,ITC,DLF,,,,,,,,,,,,,,,,ITC,,,,
BAJAJ-AUTO,,CYIENT,,,,,,,,,,,,,,,,MAZDOCK,GVT&D,,KAYNES,CHOLAHLDNG,BERGEPAINT,JINDALSTEL,DMART,,,,,,,,,,,,,,,,JINDALSTEL,,,,
BAJAJFINSV,,DABUR,,,,,,,,,,,,,,,,MFSL,HDFCAMC,,KEC,CLEAN,BHARATFORG,JIOFIN,DRREDDY,,,,,,,,,,,,,,,,JIOFIN,,,,
BAJAJHFL,,DALBHARAT,,,,,,,,,,,,,,,,MOTILALOFS,HINDPETRO,,KFINTECH,CONCORDBIO,BHARTIHEXA,JSWENERGY,EICHERMOT,,,,,,,,,,,,,,,,JSWENERGY,,,,
BAJAJHLDNG,,DEEPAKNTR,,,,,,,,,,,,,,,,MPHASIS,HINDZINC,,KPIL,CRAFTSMAN,BHEL,JSWSTEEL,ESCORTS,,,,,,,,,,,,,,,,JSWSTEEL,,,,
BAJFINANCE,,DELHIVERY,,,,,,,,,,,,,,,,MRF,HONAUT,,LALPATHLAB,CREDITACC,BIKAJI,KOTAKBANK,EXIDEIND,,,,,,,,,,,,,,,,KOTAKBANK,,,,
BALKRISIND,,DIVISLAB,,,,,,,,,,,,,,,,MUTHOOTFIN,HUDCO,,LAURUSLABS,CROMPTON,BIOCON,LICI,FEDERALBNK,,,,,,,,,,,,,,,,LICI,,,,
BALRAMCHIN,,DIXON,,,,,,,,,,,,,,,,NATIONALUM,IDEA,,MANAPPURAM,CUB,BLS,LODHA,GAIL,,,,,,,,,,,,,,,,LODHA,,,,
BANDHANBNK,,DLF,,,,,,,,,,,,,,,,NHPC,IDFCFIRSTB,,MCX,CYIENT,BLUEDART,LT,GLENMARK,,,,,,,,,,,,,,,,LT,,,,
BANKBARODA,,DMART,,,,,,,,,,,,,,,,NIFTY MIDCAP 100,IGL,,MGL,DATAPATTNS,BLUESTARCO,LTIM,GMRAIRPORT,,,,,,,,,,,,,,,,LTIM,,,,
BANKINDIA,,DRREDDY,,,,,,,,,,,,,,,,NMDC,INDIANB,,NATCOPHARM,DBREALTY,BRIGADE,M&M,GODREJCP,,,,,,,,,,,,,,,,M&M,,,,
BASF,,EICHERMOT,,,,,,,,,,,,,,,,NTPCGREEN,INDUSTOWER,,NAVINFLUOR,DCMSHRIRAM,BSE,MARUTI,GODREJPROP,,,,,,,,,,,,,,,,MARUTI,,,,
BATAINDIA,,ESCORTS,,,,,,,,,,,,,,,,NYKAA,IPCALAB,,NBCC,DEEPAKFERT,BSOFT,MOTHERSON,GRASIM,,,,,,,,,,,,,,,,MOTHERSON,,,,
BAYERCROP,,EXIDEIND,,,,,,,,,,,,,,,,OBEROIRLTY,IRB,,NCC,DELHIVERY,CAMPUS,NAUKRI,HAL,,,,,,,,,,,,,,,,NAUKRI,,,,
BBTC,,FEDERALBNK,,,,,,,,,,,,,,,,OFSS,IRCTC,,NEULANDLAB,DEVYANI,CAMS,NESTLEIND,HAVELLS,,,,,,,,,,,,,,,,NESTLEIND,,,,
BDL,,GAIL,,,,,,,,,,,,,,,,OIL,IREDA,,NEWGEN,DOMS,CANFINHOME,NIFTY 100,HCLTECH,,,,,,,,,,,,,,,,NIFTY100 EQUAL WEIGHT,,,,
BEL,,GLENMARK,,,,,,,,,,,,,,,,OLAELEC,JKCEMENT,,NH,ECLERX,CAPLIPOINT,NTPC,HDFCAMC,,,,,,,,,,,,,,,,NTPC,,,,
BEML,,GMRAIRPORT,,,,,,,,,,,,,,,,PAGEIND,JSL,,NIFTY SMALLCAP 100,EIDPARRY,CARBORUNIV,ONGC,HDFCBANK,,,,,,,,,,,,,,,,ONGC,,,,
BERGEPAINT,,GODREJCP,,,,,,,,,,,,,,,,PATANJALI,JSWINFRA,,NUVAMA,EIHOTEL,CASTROLIND,PFC,HDFCLIFE,,,,,,,,,,,,,,,,PFC,,,,
BHARATFORG,,GODREJPROP,,,,,,,,,,,,,,,,PAYTM,JUBLFOOD,,PCBL,ELECON,CCL,PIDILITIND,HEROMOTOCO,,,,,,,,,,,,,,,,PIDILITIND,,,,
BHARTIARTL,,GRANULES,,,,,,,,,,,,,,,,PERSISTENT,KALYANKJIL,,PEL,ELGIEQUIP,CDSL,PNB,HINDALCO,,,,,,,,,,,,,,,,PNB,,,,
BHARTIHEXA,,GRASIM,,,,,,,,,,,,,,,,PETRONET,KEI,,PGEL,EMCURE,CEATLTD,POWERGRID,HINDPETRO,,,,,,,,,,,,,,,,POWERGRID,,,,
BHEL,,HAL,,,,,,,,,,,,,,,,PHOENIXLTD,KPITTECH,,PNBHOUSING,ENGINERSIN,CENTRALBK,RECLTD,HINDUNILVR,,,,,,,,,,,,,,,,RECLTD,,,,
BIKAJI,,HAVELLS,,,,,,,,,,,,,,,,PIIND,KPRMILL,,POONAWALLA,ERIS,CENTURYPLY,RELIANCE,HINDZINC,,,,,,,,,,,,,,,,RELIANCE,,,,
BIOCON,,HCLTECH,,,,,,,,,,,,,,,,POLICYBZR,LICHSGFIN,,PPLPHARMA,FACT,CERA,SBILIFE,HUDCO,,,,,,,,,,,,,,,,SBILIFE,,,,
BLS,,HDFCAMC,,,,,,,,,,,,,,,,POLYCAB,LINDEINDIA,,PVRINOX,FINCABLES,CESC,SBIN,HYUNDAI,,,,,,,,,,,,,,,,SBIN,,,,
BLUEDART,,HDFCBANK,,,,,,,,,,,,,,,,PREMIERENE,LLOYDSME,,RADICO,FINPIPE,CGCL,SHREECEM,ICICIBANK,,,,,,,,,,,,,,,,SHREECEM,,,,
BLUESTARCO,,HDFCLIFE,,,,,,,,,,,,,,,,PRESTIGE,LTF,,RAILTEL,FIRSTCRY,CHALET,SHRIRAMFIN,ICICIGI,,,,,,,,,,,,,,,,SHRIRAMFIN,,,,
BOSCHLTD,,HEROMOTOCO,,,,,,,,,,,,,,,,RVNL,LTTS,,RAMCOCEM,FIVESTAR,CHAMBLFERT,SIEMENS,ICICIPRULI,,,,,,,,,,,,,,,,SIEMENS,,,,
BPCL,,HFCL,,,,,,,,,,,,,,,,SAIL,LUPIN,,REDINGTON,FSL,CHENNPETRO,SUNPHARMA,IDEA,,,,,,,,,,,,,,,,SUNPHARMA,,,,
BRIGADE,,HINDALCO,,,,,,,,,,,,,,,,SBICARD,M&MFIN,,RITES,GESHIP,CHOLAHLDNG,SWIGGY,IDFCFIRSTB,,,,,,,,,,,,,,,,SWIGGY,,,,
BRITANNIA,,HINDCOPPER,,,,,,,,,,,,,,,,SJVN,MAHABANK,,RKFORGE,GILLETTE,CLEAN,TATACONSUM,IGL,,,,,,,,,,,,,,,,TATACONSUM,,,,
BSE,,HINDPETRO,,,,,,,,,,,,,,,,SOLARINDS,MANKIND,,RPOWER,GMDCLTD,COCHINSHIP,TATAMOTORS,INDHOTEL,,,,,,,,,,,,,,,,TATAMOTORS,,,,
BSOFT,,HINDUNILVR,,,,,,,,,,,,,,,,SONACOMS,MARICO,,SAGILITY,GNFC,COFORGE,TATAPOWER,INDIANB,,,,,,,,,,,,,,,,TATAPOWER,,,,
CAMPUS,,HINDZINC,,,,,,,,,,,,,,,,SRF,MAXHEALTH,,SHYAMMETL,GODFRYPHLP,COLPAL,TATASTEEL,INDIGO,,,,,,,,,,,,,,,,TATASTEEL,,,,
CAMS,,HUDCO,,,,,,,,,,,,,,,,SUPREMEIND,MAZDOCK,,SIGNATURE,GODIGIT,CONCOR,TCS,INDUSINDBK,,,,,,,,,,,,,,,,TCS,,,,
CANBK,,ICICIBANK,,,,,,,,,,,,,,,,SUZLON,MEDANTA,,SONATSOFTW,GODREJAGRO,CONCORDBIO,TECHM,INDUSTOWER,,,,,,,,,,,,,,,,TECHM,,,,
CANFINHOME,,ICICIGI,,,,,,,,,,,,,,,,TATACOMM,MFSL,,SWANENERGY,GPIL,COROMANDEL,TITAN,INFY,,,,,,,,,,,,,,,,TITAN,,,,
CAPLIPOINT,,ICICIPRULI,,,,,,,,,,,,,,,,TATAELXSI,MOTILALOFS,,TATACHEM,GPPL,CRAFTSMAN,TORNTPHARM,IOC,,,,,,,,,,,,,,,,TORNTPHARM,,,,
CARBORUNIV,,IDEA,,,,,,,,,,,,,,,,TATATECH,MPHASIS,,TEJASNET,GRANULES,CREDITACC,TRENT,IRB,,,,,,,,,,,,,,,,TRENT,,,,
CASTROLIND,,IDFCFIRSTB,,,,,,,,,,,,,,,,TIINDIA,MRF,,TITAGARH,GRAPHITE,CRISIL,TVSMOTOR,IRCTC,,,,,,,,,,,,,,,,TVSMOTOR,,,,
CCL,,IEX,,,,,,,,,,,,,,,,TORNTPOWER,MRPL,,TRIDENT,GRAVITA,CROMPTON,ULTRACEMCO,IREDA,,,,,,,,,,,,,,,,ULTRACEMCO,,,,
CDSL,,IGL,,,,,,,,,,,,,,,,UNIONBANK,MSUMI,,TRITURBINE,GRSE,CUB,UNITDSPR,IRFC,,,,,,,,,,,,,,,,UNITDSPR,,,,
CEATLTD,,IIFL,,,,,,,,,,,,,,,,UPL,MUTHOOTFIN,,TTML,GSPL,CUMMINSIND,VBL,ITC,,,,,,,,,,,,,,,,VBL,,,,
CENTRALBK,,INDHOTEL,,,,,,,,,,,,,,,,VMM,NAM-INDIA,,WELCORP,HAPPSTMNDS,CYIENT,VEDL,JINDALSTEL,,,,,,,,,,,,,,,,VEDL,,,,
CENTURYPLY,,INDIANB,,,,,,,,,,,,,,,,VOLTAS,NATIONALUM,,WELSPUNLIV,HBLENGINE,DALBHARAT,WIPRO,JIOFIN,,,,,,,,,,,,,,,,WIPRO,,,,
CERA,,INDIGO,,,,,,,,,,,,,,,,WAAREEENER,NHPC,,ZENSARTECH,HEG,DATAPATTNS,ZOMATO,JSWENERGY,,,,,,,,,,,,,,,,ZOMATO,,,,
CESC,,INDUSINDBK,,,,,,,,,,,,,,,,YESBANK,NIACL,,ZENTEC,HFCL,DBREALTY,ZYDUSLIFE,JSWSTEEL,,,,,,,,,,,,,,,,ZYDUSLIFE,,,,
CGCL,,INDUSTOWER,,,,,,,,,,,,,,,,,NIFTY MIDCAP 150,,,HINDCOPPER,DCMSHRIRAM,,JUBLFOOD,,,,,,,,,,,,,,,,,,,,
CGPOWER,,INFY,,,,,,,,,,,,,,,,,NLCINDIA,,,HOMEFIRST,DEEPAKFERT,,KALYANKJIL,,,,,,,,,,,,,,,,,,,,
CHALET,,INOXWIND,,,,,,,,,,,,,,,,,NMDC,,,HONASA,DEEPAKNTR,,KOTAKBANK,,,,,,,,,,,,,,,,,,,,
CHAMBLFERT,,IOC,,,,,,,,,,,,,,,,,NTPCGREEN,,,HSCL,DELHIVERY,,KPITTECH,,,,,,,,,,,,,,,,,,,,
CHENNPETRO,,IRB,,,,,,,,,,,,,,,,,NYKAA,,,IDBI,DEVYANI,,LICHSGFIN,,,,,,,,,,,,,,,,,,,,
CHOLAFIN,,IRCTC,,,,,,,,,,,,,,,,,OBEROIRLTY,,,IEX,DIXON,,LICI,,,,,,,,,,,,,,,,,,,,
CHOLAHLDNG,,IREDA,,,,,,,,,,,,,,,,,OFSS,,,IFCI,DOMS,,LODHA,,,,,,,,,,,,,,,,,,,,
CIPLA,,IRFC,,,,,,,,,,,,,,,,,OIL,,,IGIL,ECLERX,,LT,,,,,,,,,,,,,,,,,,,,
CLEAN,,ITC,,,,,,,,,,,,,,,,,OLAELEC,,,IIFL,EIDPARRY,,LTF,,,,,,,,,,,,,,,,,,,,
COALINDIA,,JINDALSTEL,,,,,,,,,,,,,,,,,PAGEIND,,,IKS,EIHOTEL,,LTIM,,,,,,,,,,,,,,,,,,,,
COCHINSHIP,,JIOFIN,,,,,,,,,,,,,,,,,PATANJALI,,,INDGN,ELECON,,LUPIN,,,,,,,,,,,,,,,,,,,,
COFORGE,,JSL,,,,,,,,,,,,,,,,,PAYTM,,,INDIACEM,ELGIEQUIP,,M&M,,,,,,,,,,,,,,,,,,,,
COLPAL,,JSWENERGY,,,,,,,,,,,,,,,,,PERSISTENT,,,INDIAMART,EMAMILTD,,M&MFIN,,,,,,,,,,,,,,,,,,,,
CONCOR,,JSWSTEEL,,,,,,,,,,,,,,,,,PETRONET,,,INOXINDIA,EMCURE,,MAHABANK,,,,,,,,,,,,,,,,,,,,
CONCORDBIO,,JUBLFOOD,,,,,,,,,,,,,,,,,PHOENIXLTD,,,INOXWIND,ENDURANCE,,MANKIND,,,,,,,,,,,,,,,,,,,,
COROMANDEL,,KALYANKJIL,,,,,,,,,,,,,,,,,PIIND,,,INTELLECT,ENGINERSIN,,MARICO,,,,,,,,,,,,,,,,,,,,
CRAFTSMAN,,KEI,,,,,,,,,,,,,,,,,POLICYBZR,,,IOB,ERIS,,MARUTI,,,,,,,,,,,,,,,,,,,,
CREDITACC,,KOTAKBANK,,,,,,,,,,,,,,,,,POLYCAB,,,IRCON,ESCORTS,,MAXHEALTH,,,,,,,,,,,,,,,,,,,,
CRISIL,,KPITTECH,,,,,,,,,,,,,,,,,POWERINDIA,,,ITI,EXIDEIND,,MAZDOCK,,,,,,,,,,,,,,,,,,,,
CROMPTON,,LAURUSLABS,,,,,,,,,,,,,,,,,PREMIERENE,,,J&KBANK,FACT,,MFSL,,,,,,,,,,,,,,,,,,,,
CUB,,LICHSGFIN,,,,,,,,,,,,,,,,,PRESTIGE,,,JBCHEPHARM,FEDERALBNK,,MOTHERSON,,,,,,,,,,,,,,,,,,,,
CUMMINSIND,,LICI,,,,,,,,,,,,,,,,,RVNL,,,JBMA,FINCABLES,,MOTILALOFS,,,,,,,,,,,,,,,,,,,,
CYIENT,,LODHA,,,,,,,,,,,,,,,,,SAIL,,,JINDALSAW,FINPIPE,,MPHASIS,,,,,,,,,,,,,,,,,,,,
DABUR,,LT,,,,,,,,,,,,,,,,,SBICARD,,,JKTYRE,FIRSTCRY,,MRF,,,,,,,,,,,,,,,,,,,,
DALBHARAT,,LTF,,,,,,,,,,,,,,,,,SCHAEFFLER,,,JMFINANCIL,FIVESTAR,,MUTHOOTFIN,,,,,,,,,,,,,,,,,,,,
DATAPATTNS,,LTIM,,,,,,,,,,,,,,,,,SJVN,,,JPPOWER,FLUOROCHEM,,NATIONALUM,,,,,,,,,,,,,,,,,,,,
DBREALTY,,LUPIN,,,,,,,,,,,,,,,,,SOLARINDS,,,JSWHL,FORTIS,,NAUKRI,,,,,,,,,,,,,,,,,,,,
DCMSHRIRAM,,M&M,,,,,,,,,,,,,,,,,SONACOMS,,,JUBLINGREA,FSL,,NESTLEIND,,,,,,,,,,,,,,,,,,,,
DEEPAKFERT,,M&MFIN,,,,,,,,,,,,,,,,,SRF,,,JUBLPHARMA,GESHIP,,NHPC,,,,,,,,,,,,,,,,,,,,
DEEPAKNTR,,MANAPPURAM,,,,,,,,,,,,,,,,,STARHEALTH,,,JUSTDIAL,GICRE,,NIFTY 200,,,,,,,,,,,,,,,,,,,,
DELHIVERY,,MARICO,,,,,,,,,,,,,,,,,SUNDARMFIN,,,JWL,GILLETTE,,NMDC,,,,,,,,,,,,,,,,,,,,
DEVYANI,,MARUTI,,,,,,,,,,,,,,,,,SUNTV,,,JYOTHYLAB,GLAND,,NTPC,,,,,,,,,,,,,,,,,,,,
DIVISLAB,,MAXHEALTH,,,,,,,,,,,,,,,,,SUPREMEIND,,,JYOTICNC,GLAXO,,NTPCGREEN,,,,,,,,,,,,,,,,,,,,
DIXON,,MCX,,,,,,,,,,,,,,,,,SUZLON,,,KAJARIACER,GLENMARK,,NYKAA,,,,,,,,,,,,,,,,,,,,
DLF,,MFSL,,,,,,,,,,,,,,,,,SYNGENE,,,KANSAINER,GMDCLTD,,OBEROIRLTY,,,,,,,,,,,,,,,,,,,,
DMART,,MGL,,,,,,,,,,,,,,,,,TATACOMM,,,KARURVYSYA,GMRAIRPORT,,OFSS,,,,,,,,,,,,,,,,,,,,
DOMS,,MOTHERSON,,,,,,,,,,,,,,,,,TATAELXSI,,,KAYNES,GNFC,,OIL,,,,,,,,,,,,,,,,,,,,
DRREDDY,,MPHASIS,,,,,,,,,,,,,,,,,TATAINVEST,,,KEC,GODFRYPHLP,,OLAELEC,,,,,,,,,,,,,,,,,,,,
ECLERX,,MRF,,,,,,,,,,,,,,,,,TATATECH,,,KFINTECH,GODIGIT,,ONGC,,,,,,,,,,,,,,,,,,,,
EICHERMOT,,MUTHOOTFIN,,,,,,,,,,,,,,,,,THERMAX,,,KIMS,GODREJAGRO,,PAGEIND,,,,,,,,,,,,,,,,,,,,
EIDPARRY,,NATIONALUM,,,,,,,,,,,,,,,,,TIINDIA,,,KIRLOSBROS,GODREJIND,,PATANJALI,,,,,,,,,,,,,,,,,,,,
EIHOTEL,,NAUKRI,,,,,,,,,,,,,,,,,TORNTPOWER,,,KIRLOSENG,GODREJPROP,,PAYTM,,,,,,,,,,,,,,,,,,,,
ELECON,,NBCC,,,,,,,,,,,,,,,,,UBL,,,KNRCON,GPIL,,PERSISTENT,,,,,,,,,,,,,,,,,,,,
ELGIEQUIP,,NCC,,,,,,,,,,,,,,,,,UNIONBANK,,,KPIL,GPPL,,PETRONET,,,,,,,,,,,,,,,,,,,,
EMAMILTD,,NESTLEIND,,,,,,,,,,,,,,,,,UNOMINDA,,,LALPATHLAB,GRANULES,,PFC,,,,,,,,,,,,,,,,,,,,
EMCURE,,NHPC,,,,,,,,,,,,,,,,,UPL,,,LATENTVIEW,GRAPHITE,,PHOENIXLTD,,,,,,,,,,,,,,,,,,,,
ENDURANCE,,NMDC,,,,,,,,,,,,,,,,,VMM,,,LAURUSLABS,GRAVITA,,PIDILITIND,,,,,,,,,,,,,,,,,,,,
ENGINERSIN,,NTPC,,,,,,,,,,,,,,,,,VOLTAS,,,LEMONTREE,GRSE,,PIIND,,,,,,,,,,,,,,,,,,,,
ERIS,,NYKAA,,,,,,,,,,,,,,,,,WAAREEENER,,,LTFOODS,GSPL,,PNB,,,,,,,,,,,,,,,,,,,,
ESCORTS,,OBEROIRLTY,,,,,,,,,,,,,,,,,YESBANK,,,MAHSEAMLES,GUJGASLTD,,POLICYBZR,,,,,,,,,,,,,,,,,,,,
EXIDEIND,,OFSS,,,,,,,,,,,,,,,,,,,,MANAPPURAM,GVT&D,,POLYCAB,,,,,,,,,,,,,,,,,,,,
FACT,,OIL,,,,,,,,,,,,,,,,,,,,MANYAVAR,HAPPSTMNDS,,POWERGRID,,,,,,,,,,,,,,,,,,,,
FEDERALBNK,,ONGC,,,,,,,,,,,,,,,,,,,,MAPMYINDIA,HBLENGINE,,PREMIERENE,,,,,,,,,,,,,,,,,,,,
FINCABLES,,PAGEIND,,,,,,,,,,,,,,,,,,,,MASTEK,HDFCAMC,,PRESTIGE,,,,,,,,,,,,,,,,,,,,
FINPIPE,,PATANJALI,,,,,,,,,,,,,,,,,,,,MCX,HEG,,RECLTD,,,,,,,,,,,,,,,,,,,,
FIRSTCRY,,PAYTM,,,,,,,,,,,,,,,,,,,,METROPOLIS,HFCL,,RELIANCE,,,,,,,,,,,,,,,,,,,,
FIVESTAR,,PEL,,,,,,,,,,,,,,,,,,,,MGL,HINDCOPPER,,RVNL,,,,,,,,,,,,,,,,,,,,
FLUOROCHEM,,PERSISTENT,,,,,,,,,,,,,,,,,,,,MINDACORP,HINDPETRO,,SAIL,,,,,,,,,,,,,,,,,,,,
FORTIS,,PETRONET,,,,,,,,,,,,,,,,,,,,MMTC,HINDZINC,,SBICARD,,,,,,,,,,,,,,,,,,,,
FSL,,PFC,,,,,,,,,,,,,,,,,,,,NATCOPHARM,HOMEFIRST,,SBILIFE,,,,,,,,,,,,,,,,,,,,
GAIL,,PHOENIXLTD,,,,,,,,,,,,,,,,,,,,NAVA,HONASA,,SBIN,,,,,,,,,,,,,,,,,,,,
GESHIP,,PIDILITIND,,,,,,,,,,,,,,,,,,,,NAVINFLUOR,HONAUT,,SHREECEM,,,,,,,,,,,,,,,,,,,,
GICRE,,PIIND,,,,,,,,,,,,,,,,,,,,NBCC,HSCL,,SHRIRAMFIN,,,,,,,,,,,,,,,,,,,,
GILLETTE,,PNB,,,,,,,,,,,,,,,,,,,,NCC,HUDCO,,SIEMENS,,,,,,,,,,,,,,,,,,,,
GLAND,,PNBHOUSING,,,,,,,,,,,,,,,,,,,,NETWEB,IDBI,,SJVN,,,,,,,,,,,,,,,,,,,,
GLAXO,,POLICYBZR,,,,,,,,,,,,,,,,,,,,NETWORK18,IDEA,,SOLARINDS,,,,,,,,,,,,,,,,,,,,
GLENMARK,,POLYCAB,,,,,,,,,,,,,,,,,,,,NEULANDLAB,IDFCFIRSTB,,SONACOMS,,,,,,,,,,,,,,,,,,,,
GMDCLTD,,POONAWALLA,,,,,,,,,,,,,,,,,,,,NEWGEN,IEX,,SRF,,,,,,,,,,,,,,,,,,,,
GMRAIRPORT,,POWERGRID,,,,,,,,,,,,,,,,,,,,NH,IFCI,,SUNPHARMA,,,,,,,,,,,,,,,,,,,,
GNFC,,PRESTIGE,,,,,,,,,,,,,,,,,,,,NIFTY SMALLCAP 250,IGIL,,SUPREMEIND,,,,,,,,,,,,,,,,,,,,
GODFRYPHLP,,RAMCOCEM,,,,,,,,,,,,,,,,,,,,NIVABUPA,IGL,,SUZLON,,,,,,,,,,,,,,,,,,,,
GODIGIT,,RBLBANK,,,,,,,,,,,,,,,,,,,,NSLNISP,IIFL,,SWIGGY,,,,,,,,,,,,,,,,,,,,
GODREJAGRO,,RECLTD,,,,,,,,,,,,,,,,,,,,NUVAMA,IKS,,TATACOMM,,,,,,,,,,,,,,,,,,,,
GODREJCP,,RELIANCE,,,,,,,,,,,,,,,,,,,,OLECTRA,INDGN,,TATACONSUM,,,,,,,,,,,,,,,,,,,,
GODREJIND,,SAIL,,,,,,,,,,,,,,,,,,,,PCBL,INDIACEM,,TATAELXSI,,,,,,,,,,,,,,,,,,,,
GODREJPROP,,SBICARD,,,,,,,,,,,,,,,,,,,,PEL,INDIAMART,,TATAMOTORS,,,,,,,,,,,,,,,,,,,,
GPIL,,SBILIFE,,,,,,,,,,,,,,,,,,,,PFIZER,INDIANB,,TATAPOWER,,,,,,,,,,,,,,,,,,,,
GPPL,,SBIN,,,,,,,,,,,,,,,,,,,,PGEL,INDUSTOWER,,TATASTEEL,,,,,,,,,,,,,,,,,,,,
GRANULES,,SHREECEM,,,,,,,,,,,,,,,,,,,,PNBHOUSING,INOXINDIA,,TATATECH,,,,,,,,,,,,,,,,,,,,
GRAPHITE,,SHRIRAMFIN,,,,,,,,,,,,,,,,,,,,PNCINFRA,INOXWIND,,TCS,,,,,,,,,,,,,,,,,,,,
GRASIM,,SIEMENS,,,,,,,,,,,,,,,,,,,,POLYMED,INTELLECT,,TECHM,,,,,,,,,,,,,,,,,,,,
GRAVITA,,SJVN,,,,,,,,,,,,,,,,,,,,POONAWALLA,IOB,,TIINDIA,,,,,,,,,,,,,,,,,,,,
GRSE,,SOLARINDS,,,,,,,,,,,,,,,,,,,,PPLPHARMA,IPCALAB,,TITAN,,,,,,,,,,,,,,,,,,,,
GSPL,,SONACOMS,,,,,,,,,,,,,,,,,,,,PRAJIND,IRB,,TORNTPHARM,,,,,,,,,,,,,,,,,,,,
GUJGASLTD,,SRF,,,,,,,,,,,,,,,,,,,,PTCIL,IRCON,,TORNTPOWER,,,,,,,,,,,,,,,,,,,,
GVT&D,,SUNPHARMA,,,,,,,,,,,,,,,,,,,,PVRINOX,IRCTC,,TRENT,,,,,,,,,,,,,,,,,,,,
HAL,,SUPREMEIND,,,,,,,,,,,,,,,,,,,,QUESS,IREDA,,TVSMOTOR,,,,,,,,,,,,,,,,,,,,
HAPPSTMNDS,,SYNGENE,,,,,,,,,,,,,,,,,,,,RADICO,ITI,,ULTRACEMCO,,,,,,,,,,,,,,,,,,,,
HAVELLS,,TATACHEM,,,,,,,,,,,,,,,,,,,,RAILTEL,J&KBANK,,UNIONBANK,,,,,,,,,,,,,,,,,,,,
HBLENGINE,,TATACOMM,,,,,,,,,,,,,,,,,,,,RAINBOW,JBCHEPHARM,,UNITDSPR,,,,,,,,,,,,,,,,,,,,
HCLTECH,,TATACONSUM,,,,,,,,,,,,,,,,,,,,RAMCOCEM,JBMA,,UPL,,,,,,,,,,,,,,,,,,,,
HDFCAMC,,TATAELXSI,,,,,,,,,,,,,,,,,,,,RAYMOND,JINDALSAW,,VBL,,,,,,,,,,,,,,,,,,,,
HDFCBANK,,TATAMOTORS,,,,,,,,,,,,,,,,,,,,RAYMONDLSL,JKCEMENT,,VEDL,,,,,,,,,,,,,,,,,,,,
HDFCLIFE,,TATAPOWER,,,,,,,,,,,,,,,,,,,,RBLBANK,JKTYRE,,VMM,,,,,,,,,,,,,,,,,,,,
HEG,,TATASTEEL,,,,,,,,,,,,,,,,,,,,RCF,JMFINANCIL,,VOLTAS,,,,,,,,,,,,,,,,,,,,
HEROMOTOCO,,TATATECH,,,,,,,,,,,,,,,,,,,,REDINGTON,JPPOWER,,WAAREEENER,,,,,,,,,,,,,,,,,,,,
HFCL,,TCS,,,,,,,,,,,,,,,,,,,,RENUKA,JSL,,WIPRO,,,,,,,,,,,,,,,,,,,,
HINDALCO,,TECHM,,,,,,,,,,,,,,,,,,,,RHIM,JSWHL,,YESBANK,,,,,,,,,,,,,,,,,,,,
HINDCOPPER,,TIINDIA,,,,,,,,,,,,,,,,,,,,RITES,JSWINFRA,,ZOMATO,,,,,,,,,,,,,,,,,,,,
HINDPETRO,,TITAGARH,,,,,,,,,,,,,,,,,,,,RKFORGE,JUBLFOOD,,ZYDUSLIFE,,,,,,,,,,,,,,,,,,,,
HINDUNILVR,,TITAN,,,,,,,,,,,,,,,,,,,,ROUTE,JUBLINGREA,,,,,,,,,,,,,,,,,,,,,,
HINDZINC,,TORNTPHARM,,,,,,,,,,,,,,,,,,,,RPOWER,JUBLPHARMA,,,,,,,,,,,,,,,,,,,,,,
HOMEFIRST,,TORNTPOWER,,,,,,,,,,,,,,,,,,,,RRKABEL,JUSTDIAL,,,,,,,,,,,,,,,,,,,,,,
HONASA,,TRENT,,,,,,,,,,,,,,,,,,,,RTNINDIA,JWL,,,,,,,,,,,,,,,,,,,,,,
HONAUT,,TVSMOTOR,,,,,,,,,,,,,,,,,,,,SAGILITY,JYOTHYLAB,,,,,,,,,,,,,,,,,,,,,,
HSCL,,ULTRACEMCO,,,,,,,,,,,,,,,,,,,,SAILIFE,JYOTICNC,,,,,,,,,,,,,,,,,,,,,,
HUDCO,,UNIONBANK,,,,,,,,,,,,,,,,,,,,SAMMAANCAP,KAJARIACER,,,,,,,,,,,,,,,,,,,,,,
HYUNDAI,,UNITDSPR,,,,,,,,,,,,,,,,,,,,SAPPHIRE,KALYANKJIL,,,,,,,,,,,,,,,,,,,,,,
ICICIBANK,,UPL,,,,,,,,,,,,,,,,,,,,SARDAEN,KANSAINER,,,,,,,,,,,,,,,,,,,,,,
ICICIGI,,VBL,,,,,,,,,,,,,,,,,,,,SAREGAMA,KARURVYSYA,,,,,,,,,,,,,,,,,,,,,,
ICICIPRULI,,VEDL,,,,,,,,,,,,,,,,,,,,SBFC,KAYNES,,,,,,,,,,,,,,,,,,,,,,
IDBI,,VOLTAS,,,,,,,,,,,,,,,,,,,,SCHNEIDER,KEC,,,,,,,,,,,,,,,,,,,,,,
IDEA,,WIPRO,,,,,,,,,,,,,,,,,,,,SCI,KEI,,,,,,,,,,,,,,,,,,,,,,
IDFCFIRSTB,,YESBANK,,,,,,,,,,,,,,,,,,,,SHYAMMETL,KFINTECH,,,,,,,,,,,,,,,,,,,,,,
IEX,,ZOMATO,,,,,,,,,,,,,,,,,,,,SIGNATURE,KIMS,,,,,,,,,,,,,,,,,,,,,,
IFCI,,ZYDUSLIFE,,,,,,,,,,,,,,,,,,,,SKFINDIA,KIRLOSBROS,,,,,,,,,,,,,,,,,,,,,,
IGIL,,,,,,,,,,,,,,,,,,,,,,SOBHA,KIRLOSENG,,,,,,,,,,,,,,,,,,,,,,
IGL,,,,,,,,,,,,,,,,,,,,,,SONATSOFTW,KNRCON,,,,,,,,,,,,,,,,,,,,,,
IIFL,,,,,,,,,,,,,,,,,,,,,,SUMICHEM,KPIL,,,,,,,,,,,,,,,,,,,,,,
IKS,,,,,,,,,,,,,,,,,,,,,,SUVENPHAR,KPITTECH,,,,,,,,,,,,,,,,,,,,,,
INDGN,,,,,,,,,,,,,,,,,,,,,,SWANENERGY,KPRMILL,,,,,,,,,,,,,,,,,,,,,,
INDHOTEL,,,,,,,,,,,,,,,,,,,,,,SWSOLAR,LALPATHLAB,,,,,,,,,,,,,,,,,,,,,,
INDIACEM,,,,,,,,,,,,,,,,,,,,,,SYRMA,LATENTVIEW,,,,,,,,,,,,,,,,,,,,,,
INDIAMART,,,,,,,,,,,,,,,,,,,,,,TANLA,LAURUSLABS,,,,,,,,,,,,,,,,,,,,,,
INDIANB,,,,,,,,,,,,,,,,,,,,,,TARIL,LEMONTREE,,,,,,,,,,,,,,,,,,,,,,
INDIGO,,,,,,,,,,,,,,,,,,,,,,TATACHEM,LICHSGFIN,,,,,,,,,,,,,,,,,,,,,,
INDUSINDBK,,,,,,,,,,,,,,,,,,,,,,TBOTEK,LINDEINDIA,,,,,,,,,,,,,,,,,,,,,,
INDUSTOWER,,,,,,,,,,,,,,,,,,,,,,TECHNOE,LLOYDSME,,,,,,,,,,,,,,,,,,,,,,
INFY,,,,,,,,,,,,,,,,,,,,,,TEJASNET,LTF,,,,,,,,,,,,,,,,,,,,,,
INOXINDIA,,,,,,,,,,,,,,,,,,,,,,TIMKEN,LTFOODS,,,,,,,,,,,,,,,,,,,,,,
INOXWIND,,,,,,,,,,,,,,,,,,,,,,TITAGARH,LTTS,,,,,,,,,,,,,,,,,,,,,,
INTELLECT,,,,,,,,,,,,,,,,,,,,,,TRIDENT,LUPIN,,,,,,,,,,,,,,,,,,,,,,
IOB,,,,,,,,,,,,,,,,,,,,,,TRITURBINE,M&MFIN,,,,,,,,,,,,,,,,,,,,,,
IOC,,,,,,,,,,,,,,,,,,,,,,TRIVENI,MAHABANK,,,,,,,,,,,,,,,,,,,,,,
IPCALAB,,,,,,,,,,,,,,,,,,,,,,TTML,MAHSEAMLES,,,,,,,,,,,,,,,,,,,,,,
IRB,,,,,,,,,,,,,,,,,,,,,,UCOBANK,MANAPPURAM,,,,,,,,,,,,,,,,,,,,,,
IRCON,,,,,,,,,,,,,,,,,,,,,,USHAMART,MANKIND,,,,,,,,,,,,,,,,,,,,,,
IRCTC,,,,,,,,,,,,,,,,,,,,,,UTIAMC,MANYAVAR,,,,,,,,,,,,,,,,,,,,,,
IREDA,,,,,,,,,,,,,,,,,,,,,,VGUARD,MAPMYINDIA,,,,,,,,,,,,,,,,,,,,,,
IRFC,,,,,,,,,,,,,,,,,,,,,,VIJAYA,MARICO,,,,,,,,,,,,,,,,,,,,,,
ITC,,,,,,,,,,,,,,,,,,,,,,VTL,MASTEK,,,,,,,,,,,,,,,,,,,,,,
ITI,,,,,,,,,,,,,,,,,,,,,,WELCORP,MAXHEALTH,,,,,,,,,,,,,,,,,,,,,,
J&KBANK,,,,,,,,,,,,,,,,,,,,,,WELSPUNLIV,MAZDOCK,,,,,,,,,,,,,,,,,,,,,,
JBCHEPHARM,,,,,,,,,,,,,,,,,,,,,,WESTLIFE,MCX,,,,,,,,,,,,,,,,,,,,,,
JBMA,,,,,,,,,,,,,,,,,,,,,,WHIRLPOOL,MEDANTA,,,,,,,,,,,,,,,,,,,,,,
JINDALSAW,,,,,,,,,,,,,,,,,,,,,,WOCKPHARMA,METROPOLIS,,,,,,,,,,,,,,,,,,,,,,
JINDALSTEL,,,,,,,,,,,,,,,,,,,,,,ZEEL,MFSL,,,,,,,,,,,,,,,,,,,,,,
JIOFIN,,,,,,,,,,,,,,,,,,,,,,ZENSARTECH,MGL,,,,,,,,,,,,,,,,,,,,,,
JKCEMENT,,,,,,,,,,,,,,,,,,,,,,ZENTEC,MINDACORP,,,,,,,,,,,,,,,,,,,,,,
JKTYRE,,,,,,,,,,,,,,,,,,,,,,ZFCVINDIA,MMTC,,,,,,,,,,,,,,,,,,,,,,
JMFINANCIL,,,,,,,,,,,,,,,,,,,,,,,MOTILALOFS,,,,,,,,,,,,,,,,,,,,,,
JPPOWER,,,,,,,,,,,,,,,,,,,,,,,MPHASIS,,,,,,,,,,,,,,,,,,,,,,
JSL,,,,,,,,,,,,,,,,,,,,,,,MRF,,,,,,,,,,,,,,,,,,,,,,
JSWENERGY,,,,,,,,,,,,,,,,,,,,,,,MRPL,,,,,,,,,,,,,,,,,,,,,,
JSWHL,,,,,,,,,,,,,,,,,,,,,,,MSUMI,,,,,,,,,,,,,,,,,,,,,,
JSWINFRA,,,,,,,,,,,,,,,,,,,,,,,MUTHOOTFIN,,,,,,,,,,,,,,,,,,,,,,
JSWSTEEL,,,,,,,,,,,,,,,,,,,,,,,NAM-INDIA,,,,,,,,,,,,,,,,,,,,,,
JUBLFOOD,,,,,,,,,,,,,,,,,,,,,,,NATCOPHARM,,,,,,,,,,,,,,,,,,,,,,
JUBLINGREA,,,,,,,,,,,,,,,,,,,,,,,NATIONALUM,,,,,,,,,,,,,,,,,,,,,,
JUBLPHARMA,,,,,,,,,,,,,,,,,,,,,,,NAVA,,,,,,,,,,,,,,,,,,,,,,
JUSTDIAL,,,,,,,,,,,,,,,,,,,,,,,NAVINFLUOR,,,,,,,,,,,,,,,,,,,,,,
JWL,,,,,,,,,,,,,,,,,,,,,,,NBCC,,,,,,,,,,,,,,,,,,,,,,
JYOTHYLAB,,,,,,,,,,,,,,,,,,,,,,,NCC,,,,,,,,,,,,,,,,,,,,,,
JYOTICNC,,,,,,,,,,,,,,,,,,,,,,,NETWEB,,,,,,,,,,,,,,,,,,,,,,
KAJARIACER,,,,,,,,,,,,,,,,,,,,,,,NETWORK18,,,,,,,,,,,,,,,,,,,,,,
KALYANKJIL,,,,,,,,,,,,,,,,,,,,,,,NEULANDLAB,,,,,,,,,,,,,,,,,,,,,,
KANSAINER,,,,,,,,,,,,,,,,,,,,,,,NEWGEN,,,,,,,,,,,,,,,,,,,,,,
KARURVYSYA,,,,,,,,,,,,,,,,,,,,,,,NH,,,,,,,,,,,,,,,,,,,,,,
KAYNES,,,,,,,,,,,,,,,,,,,,,,,NHPC,,,,,,,,,,,,,,,,,,,,,,
KEC,,,,,,,,,,,,,,,,,,,,,,,NIACL,,,,,,,,,,,,,,,,,,,,,,
KEI,,,,,,,,,,,,,,,,,,,,,,,NIFTY MIDSMALLCAP 400,,,,,,,,,,,,,,,,,,,,,,
KFINTECH,,,,,,,,,,,,,,,,,,,,,,,NIVABUPA,,,,,,,,,,,,,,,,,,,,,,
KIMS,,,,,,,,,,,,,,,,,,,,,,,NLCINDIA,,,,,,,,,,,,,,,,,,,,,,
KIRLOSBROS,,,,,,,,,,,,,,,,,,,,,,,NMDC,,,,,,,,,,,,,,,,,,,,,,
KIRLOSENG,,,,,,,,,,,,,,,,,,,,,,,NSLNISP,,,,,,,,,,,,,,,,,,,,,,
KNRCON,,,,,,,,,,,,,,,,,,,,,,,NTPCGREEN,,,,,,,,,,,,,,,,,,,,,,
KOTAKBANK,,,,,,,,,,,,,,,,,,,,,,,NUVAMA,,,,,,,,,,,,,,,,,,,,,,
KPIL,,,,,,,,,,,,,,,,,,,,,,,NYKAA,,,,,,,,,,,,,,,,,,,,,,
KPITTECH,,,,,,,,,,,,,,,,,,,,,,,OBEROIRLTY,,,,,,,,,,,,,,,,,,,,,,
KPRMILL,,,,,,,,,,,,,,,,,,,,,,,OFSS,,,,,,,,,,,,,,,,,,,,,,
LALPATHLAB,,,,,,,,,,,,,,,,,,,,,,,OIL,,,,,,,,,,,,,,,,,,,,,,
LATENTVIEW,,,,,,,,,,,,,,,,,,,,,,,OLAELEC,,,,,,,,,,,,,,,,,,,,,,
LAURUSLABS,,,,,,,,,,,,,,,,,,,,,,,OLECTRA,,,,,,,,,,,,,,,,,,,,,,
LEMONTREE,,,,,,,,,,,,,,,,,,,,,,,PAGEIND,,,,,,,,,,,,,,,,,,,,,,
LICHSGFIN,,,,,,,,,,,,,,,,,,,,,,,PATANJALI,,,,,,,,,,,,,,,,,,,,,,
LICI,,,,,,,,,,,,,,,,,,,,,,,PAYTM,,,,,,,,,,,,,,,,,,,,,,
LINDEINDIA,,,,,,,,,,,,,,,,,,,,,,,PCBL,,,,,,,,,,,,,,,,,,,,,,
LLOYDSME,,,,,,,,,,,,,,,,,,,,,,,PEL,,,,,,,,,,,,,,,,,,,,,,
LODHA,,,,,,,,,,,,,,,,,,,,,,,PERSISTENT,,,,,,,,,,,,,,,,,,,,,,
LT,,,,,,,,,,,,,,,,,,,,,,,PETRONET,,,,,,,,,,,,,,,,,,,,,,
LTF,,,,,,,,,,,,,,,,,,,,,,,PFIZER,,,,,,,,,,,,,,,,,,,,,,
LTFOODS,,,,,,,,,,,,,,,,,,,,,,,PGEL,,,,,,,,,,,,,,,,,,,,,,
LTIM,,,,,,,,,,,,,,,,,,,,,,,PHOENIXLTD,,,,,,,,,,,,,,,,,,,,,,
LTTS,,,,,,,,,,,,,,,,,,,,,,,PIIND,,,,,,,,,,,,,,,,,,,,,,
LUPIN,,,,,,,,,,,,,,,,,,,,,,,PNBHOUSING,,,,,,,,,,,,,,,,,,,,,,
M&M,,,,,,,,,,,,,,,,,,,,,,,PNCINFRA,,,,,,,,,,,,,,,,,,,,,,
M&MFIN,,,,,,,,,,,,,,,,,,,,,,,POLICYBZR,,,,,,,,,,,,,,,,,,,,,,
MAHABANK,,,,,,,,,,,,,,,,,,,,,,,POLYCAB,,,,,,,,,,,,,,,,,,,,,,
MAHSEAMLES,,,,,,,,,,,,,,,,,,,,,,,POLYMED,,,,,,,,,,,,,,,,,,,,,,
MANAPPURAM,,,,,,,,,,,,,,,,,,,,,,,POONAWALLA,,,,,,,,,,,,,,,,,,,,,,
MANKIND,,,,,,,,,,,,,,,,,,,,,,,POWERINDIA,,,,,,,,,,,,,,,,,,,,,,
MANYAVAR,,,,,,,,,,,,,,,,,,,,,,,PPLPHARMA,,,,,,,,,,,,,,,,,,,,,,
MAPMYINDIA,,,,,,,,,,,,,,,,,,,,,,,PRAJIND,,,,,,,,,,,,,,,,,,,,,,
MARICO,,,,,,,,,,,,,,,,,,,,,,,PREMIERENE,,,,,,,,,,,,,,,,,,,,,,
MARUTI,,,,,,,,,,,,,,,,,,,,,,,PRESTIGE,,,,,,,,,,,,,,,,,,,,,,
MASTEK,,,,,,,,,,,,,,,,,,,,,,,PTCIL,,,,,,,,,,,,,,,,,,,,,,
MAXHEALTH,,,,,,,,,,,,,,,,,,,,,,,PVRINOX,,,,,,,,,,,,,,,,,,,,,,
MAZDOCK,,,,,,,,,,,,,,,,,,,,,,,QUESS,,,,,,,,,,,,,,,,,,,,,,
MCX,,,,,,,,,,,,,,,,,,,,,,,RADICO,,,,,,,,,,,,,,,,,,,,,,
MEDANTA,,,,,,,,,,,,,,,,,,,,,,,RAILTEL,,,,,,,,,,,,,,,,,,,,,,
METROPOLIS,,,,,,,,,,,,,,,,,,,,,,,RAINBOW,,,,,,,,,,,,,,,,,,,,,,
MFSL,,,,,,,,,,,,,,,,,,,,,,,RAMCOCEM,,,,,,,,,,,,,,,,,,,,,,
MGL,,,,,,,,,,,,,,,,,,,,,,,RAYMOND,,,,,,,,,,,,,,,,,,,,,,
MINDACORP,,,,,,,,,,,,,,,,,,,,,,,RAYMONDLSL,,,,,,,,,,,,,,,,,,,,,,
MMTC,,,,,,,,,,,,,,,,,,,,,,,RBLBANK,,,,,,,,,,,,,,,,,,,,,,
MOTHERSON,,,,,,,,,,,,,,,,,,,,,,,RCF,,,,,,,,,,,,,,,,,,,,,,
MOTILALOFS,,,,,,,,,,,,,,,,,,,,,,,REDINGTON,,,,,,,,,,,,,,,,,,,,,,
MPHASIS,,,,,,,,,,,,,,,,,,,,,,,RENUKA,,,,,,,,,,,,,,,,,,,,,,
MRF,,,,,,,,,,,,,,,,,,,,,,,RHIM,,,,,,,,,,,,,,,,,,,,,,
MRPL,,,,,,,,,,,,,,,,,,,,,,,RITES,,,,,,,,,,,,,,,,,,,,,,
MSUMI,,,,,,,,,,,,,,,,,,,,,,,RKFORGE,,,,,,,,,,,,,,,,,,,,,,
MUTHOOTFIN,,,,,,,,,,,,,,,,,,,,,,,ROUTE,,,,,,,,,,,,,,,,,,,,,,
NAM-INDIA,,,,,,,,,,,,,,,,,,,,,,,RPOWER,,,,,,,,,,,,,,,,,,,,,,
NATCOPHARM,,,,,,,,,,,,,,,,,,,,,,,RRKABEL,,,,,,,,,,,,,,,,,,,,,,
NATIONALUM,,,,,,,,,,,,,,,,,,,,,,,RTNINDIA,,,,,,,,,,,,,,,,,,,,,,
NAUKRI,,,,,,,,,,,,,,,,,,,,,,,RVNL,,,,,,,,,,,,,,,,,,,,,,
NAVA,,,,,,,,,,,,,,,,,,,,,,,SAGILITY,,,,,,,,,,,,,,,,,,,,,,
NAVINFLUOR,,,,,,,,,,,,,,,,,,,,,,,SAIL,,,,,,,,,,,,,,,,,,,,,,
NBCC,,,,,,,,,,,,,,,,,,,,,,,SAILIFE,,,,,,,,,,,,,,,,,,,,,,
NCC,,,,,,,,,,,,,,,,,,,,,,,SAMMAANCAP,,,,,,,,,,,,,,,,,,,,,,
NESTLEIND,,,,,,,,,,,,,,,,,,,,,,,SAPPHIRE,,,,,,,,,,,,,,,,,,,,,,
NETWEB,,,,,,,,,,,,,,,,,,,,,,,SARDAEN,,,,,,,,,,,,,,,,,,,,,,
NETWORK18,,,,,,,,,,,,,,,,,,,,,,,SAREGAMA,,,,,,,,,,,,,,,,,,,,,,
NEULANDLAB,,,,,,,,,,,,,,,,,,,,,,,SBFC,,,,,,,,,,,,,,,,,,,,,,
NEWGEN,,,,,,,,,,,,,,,,,,,,,,,SBICARD,,,,,,,,,,,,,,,,,,,,,,
NH,,,,,,,,,,,,,,,,,,,,,,,SCHAEFFLER,,,,,,,,,,,,,,,,,,,,,,
NHPC,,,,,,,,,,,,,,,,,,,,,,,SCHNEIDER,,,,,,,,,,,,,,,,,,,,,,
NIACL,,,,,,,,,,,,,,,,,,,,,,,SCI,,,,,,,,,,,,,,,,,,,,,,
NIFTY 500,,,,,,,,,,,,,,,,,,,,,,,SHYAMMETL,,,,,,,,,,,,,,,,,,,,,,
NIVABUPA,,,,,,,,,,,,,,,,,,,,,,,SIGNATURE,,,,,,,,,,,,,,,,,,,,,,
NLCINDIA,,,,,,,,,,,,,,,,,,,,,,,SJVN,,,,,,,,,,,,,,,,,,,,,,
NMDC,,,,,,,,,,,,,,,,,,,,,,,SKFINDIA,,,,,,,,,,,,,,,,,,,,,,
NSLNISP,,,,,,,,,,,,,,,,,,,,,,,SOBHA,,,,,,,,,,,,,,,,,,,,,,
NTPC,,,,,,,,,,,,,,,,,,,,,,,SOLARINDS,,,,,,,,,,,,,,,,,,,,,,
NTPCGREEN,,,,,,,,,,,,,,,,,,,,,,,SONACOMS,,,,,,,,,,,,,,,,,,,,,,
NUVAMA,,,,,,,,,,,,,,,,,,,,,,,SONATSOFTW,,,,,,,,,,,,,,,,,,,,,,
NYKAA,,,,,,,,,,,,,,,,,,,,,,,SRF,,,,,,,,,,,,,,,,,,,,,,
OBEROIRLTY,,,,,,,,,,,,,,,,,,,,,,,STARHEALTH,,,,,,,,,,,,,,,,,,,,,,
OFSS,,,,,,,,,,,,,,,,,,,,,,,SUMICHEM,,,,,,,,,,,,,,,,,,,,,,
OIL,,,,,,,,,,,,,,,,,,,,,,,SUNDARMFIN,,,,,,,,,,,,,,,,,,,,,,
OLAELEC,,,,,,,,,,,,,,,,,,,,,,,SUNTV,,,,,,,,,,,,,,,,,,,,,,
OLECTRA,,,,,,,,,,,,,,,,,,,,,,,SUPREMEIND,,,,,,,,,,,,,,,,,,,,,,
ONGC,,,,,,,,,,,,,,,,,,,,,,,SUVENPHAR,,,,,,,,,,,,,,,,,,,,,,
PAGEIND,,,,,,,,,,,,,,,,,,,,,,,SUZLON,,,,,,,,,,,,,,,,,,,,,,
PATANJALI,,,,,,,,,,,,,,,,,,,,,,,SWANENERGY,,,,,,,,,,,,,,,,,,,,,,
PAYTM,,,,,,,,,,,,,,,,,,,,,,,SWSOLAR,,,,,,,,,,,,,,,,,,,,,,
PCBL,,,,,,,,,,,,,,,,,,,,,,,SYNGENE,,,,,,,,,,,,,,,,,,,,,,
PEL,,,,,,,,,,,,,,,,,,,,,,,SYRMA,,,,,,,,,,,,,,,,,,,,,,
PERSISTENT,,,,,,,,,,,,,,,,,,,,,,,TANLA,,,,,,,,,,,,,,,,,,,,,,
PETRONET,,,,,,,,,,,,,,,,,,,,,,,TARIL,,,,,,,,,,,,,,,,,,,,,,
PFC,,,,,,,,,,,,,,,,,,,,,,,TATACHEM,,,,,,,,,,,,,,,,,,,,,,
PFIZER,,,,,,,,,,,,,,,,,,,,,,,TATACOMM,,,,,,,,,,,,,,,,,,,,,,
PGEL,,,,,,,,,,,,,,,,,,,,,,,TATAELXSI,,,,,,,,,,,,,,,,,,,,,,
PHOENIXLTD,,,,,,,,,,,,,,,,,,,,,,,TATAINVEST,,,,,,,,,,,,,,,,,,,,,,
PIDILITIND,,,,,,,,,,,,,,,,,,,,,,,TATATECH,,,,,,,,,,,,,,,,,,,,,,
PIIND,,,,,,,,,,,,,,,,,,,,,,,TBOTEK,,,,,,,,,,,,,,,,,,,,,,
PNB,,,,,,,,,,,,,,,,,,,,,,,TECHNOE,,,,,,,,,,,,,,,,,,,,,,
PNBHOUSING,,,,,,,,,,,,,,,,,,,,,,,TEJASNET,,,,,,,,,,,,,,,,,,,,,,
PNCINFRA,,,,,,,,,,,,,,,,,,,,,,,THERMAX,,,,,,,,,,,,,,,,,,,,,,
POLICYBZR,,,,,,,,,,,,,,,,,,,,,,,TIINDIA,,,,,,,,,,,,,,,,,,,,,,
POLYCAB,,,,,,,,,,,,,,,,,,,,,,,TIMKEN,,,,,,,,,,,,,,,,,,,,,,
POLYMED,,,,,,,,,,,,,,,,,,,,,,,TITAGARH,,,,,,,,,,,,,,,,,,,,,,
POONAWALLA,,,,,,,,,,,,,,,,,,,,,,,TORNTPOWER,,,,,,,,,,,,,,,,,,,,,,
POWERGRID,,,,,,,,,,,,,,,,,,,,,,,TRIDENT,,,,,,,,,,,,,,,,,,,,,,
POWERINDIA,,,,,,,,,,,,,,,,,,,,,,,TRITURBINE,,,,,,,,,,,,,,,,,,,,,,
PPLPHARMA,,,,,,,,,,,,,,,,,,,,,,,TRIVENI,,,,,,,,,,,,,,,,,,,,,,
PRAJIND,,,,,,,,,,,,,,,,,,,,,,,TTML,,,,,,,,,,,,,,,,,,,,,,
PREMIERENE,,,,,,,,,,,,,,,,,,,,,,,UBL,,,,,,,,,,,,,,,,,,,,,,
PRESTIGE,,,,,,,,,,,,,,,,,,,,,,,UCOBANK,,,,,,,,,,,,,,,,,,,,,,
PTCIL,,,,,,,,,,,,,,,,,,,,,,,UNIONBANK,,,,,,,,,,,,,,,,,,,,,,
PVRINOX,,,,,,,,,,,,,,,,,,,,,,,UNOMINDA,,,,,,,,,,,,,,,,,,,,,,
QUESS,,,,,,,,,,,,,,,,,,,,,,,UPL,,,,,,,,,,,,,,,,,,,,,,
RADICO,,,,,,,,,,,,,,,,,,,,,,,USHAMART,,,,,,,,,,,,,,,,,,,,,,
RAILTEL,,,,,,,,,,,,,,,,,,,,,,,UTIAMC,,,,,,,,,,,,,,,,,,,,,,
RAINBOW,,,,,,,,,,,,,,,,,,,,,,,VGUARD,,,,,,,,,,,,,,,,,,,,,,
RAMCOCEM,,,,,,,,,,,,,,,,,,,,,,,VIJAYA,,,,,,,,,,,,,,,,,,,,,,
RAYMOND,,,,,,,,,,,,,,,,,,,,,,,VMM,,,,,,,,,,,,,,,,,,,,,,
RAYMONDLSL,,,,,,,,,,,,,,,,,,,,,,,VOLTAS,,,,,,,,,,,,,,,,,,,,,,
RBLBANK,,,,,,,,,,,,,,,,,,,,,,,VTL,,,,,,,,,,,,,,,,,,,,,,
RCF,,,,,,,,,,,,,,,,,,,,,,,WAAREEENER,,,,,,,,,,,,,,,,,,,,,,
RECLTD,,,,,,,,,,,,,,,,,,,,,,,WELCORP,,,,,,,,,,,,,,,,,,,,,,
REDINGTON,,,,,,,,,,,,,,,,,,,,,,,WELSPUNLIV,,,,,,,,,,,,,,,,,,,,,,
RELIANCE,,,,,,,,,,,,,,,,,,,,,,,WESTLIFE,,,,,,,,,,,,,,,,,,,,,,
RENUKA,,,,,,,,,,,,,,,,,,,,,,,WHIRLPOOL,,,,,,,,,,,,,,,,,,,,,,
RHIM,,,,,,,,,,,,,,,,,,,,,,,WOCKPHARMA,,,,,,,,,,,,,,,,,,,,,,
RITES,,,,,,,,,,,,,,,,,,,,,,,YESBANK,,,,,,,,,,,,,,,,,,,,,,
RKFORGE,,,,,,,,,,,,,,,,,,,,,,,ZEEL,,,,,,,,,,,,,,,,,,,,,,
ROUTE,,,,,,,,,,,,,,,,,,,,,,,ZENSARTECH,,,,,,,,,,,,,,,,,,,,,,
RPOWER,,,,,,,,,,,,,,,,,,,,,,,ZENTEC,,,,,,,,,,,,,,,,,,,,,,
RRKABEL,,,,,,,,,,,,,,,,,,,,,,,ZFCVINDIA,,,,,,,,,,,,,,,,,,,,,,
RTNINDIA,,,,,,,,,,,,,,,,,,,,,,,,,,,,,,,,,,,,,,,,,,,,,
RVNL,,,,,,,,,,,,,,,,,,,,,,,,,,,,,,,,,,,,,,,,,,,,,
SAGILITY,,,,,,,,,,,,,,,,,,,,,,,,,,,,,,,,,,,,,,,,,,,,,
SAIL,,,,,,,,,,,,,,,,,,,,,,,,,,,,,,,,,,,,,,,,,,,,,
SAILIFE,,,,,,,,,,,,,,,,,,,,,,,,,,,,,,,,,,,,,,,,,,,,,
SAMMAANCAP,,,,,,,,,,,,,,,,,,,,,,,,,,,,,,,,,,,,,,,,,,,,,
SAPPHIRE,,,,,,,,,,,,,,,,,,,,,,,,,,,,,,,,,,,,,,,,,,,,,
SARDAEN,,,,,,,,,,,,,,,,,,,,,,,,,,,,,,,,,,,,,,,,,,,,,
SAREGAMA,,,,,,,,,,,,,,,,,,,,,,,,,,,,,,,,,,,,,,,,,,,,,
SBFC,,,,,,,,,,,,,,,,,,,,,,,,,,,,,,,,,,,,,,,,,,,,,
SBICARD,,,,,,,,,,,,,,,,,,,,,,,,,,,,,,,,,,,,,,,,,,,,,
SBILIFE,,,,,,,,,,,,,,,,,,,,,,,,,,,,,,,,,,,,,,,,,,,,,
SBIN,,,,,,,,,,,,,,,,,,,,,,,,,,,,,,,,,,,,,,,,,,,,,
SCHAEFFLER,,,,,,,,,,,,,,,,,,,,,,,,,,,,,,,,,,,,,,,,,,,,,
SCHNEIDER,,,,,,,,,,,,,,,,,,,,,,,,,,,,,,,,,,,,,,,,,,,,,
SCI,,,,,,,,,,,,,,,,,,,,,,,,,,,,,,,,,,,,,,,,,,,,,
SHREECEM,,,,,,,,,,,,,,,,,,,,,,,,,,,,,,,,,,,,,,,,,,,,,
SHRIRAMFIN,,,,,,,,,,,,,,,,,,,,,,,,,,,,,,,,,,,,,,,,,,,,,
SHYAMMETL,,,,,,,,,,,,,,,,,,,,,,,,,,,,,,,,,,,,,,,,,,,,,
SIEMENS,,,,,,,,,,,,,,,,,,,,,,,,,,,,,,,,,,,,,,,,,,,,,
SIGNATURE,,,,,,,,,,,,,,,,,,,,,,,,,,,,,,,,,,,,,,,,,,,,,
SJVN,,,,,,,,,,,,,,,,,,,,,,,,,,,,,,,,,,,,,,,,,,,,,
SKFINDIA,,,,,,,,,,,,,,,,,,,,,,,,,,,,,,,,,,,,,,,,,,,,,
SOBHA,,,,,,,,,,,,,,,,,,,,,,,,,,,,,,,,,,,,,,,,,,,,,
SOLARINDS,,,,,,,,,,,,,,,,,,,,,,,,,,,,,,,,,,,,,,,,,,,,,
SONACOMS,,,,,,,,,,,,,,,,,,,,,,,,,,,,,,,,,,,,,,,,,,,,,
SONATSOFTW,,,,,,,,,,,,,,,,,,,,,,,,,,,,,,,,,,,,,,,,,,,,,
SRF,,,,,,,,,,,,,,,,,,,,,,,,,,,,,,,,,,,,,,,,,,,,,
STARHEALTH,,,,,,,,,,,,,,,,,,,,,,,,,,,,,,,,,,,,,,,,,,,,,
SUMICHEM,,,,,,,,,,,,,,,,,,,,,,,,,,,,,,,,,,,,,,,,,,,,,
SUNDARMFIN,,,,,,,,,,,,,,,,,,,,,,,,,,,,,,,,,,,,,,,,,,,,,
SUNPHARMA,,,,,,,,,,,,,,,,,,,,,,,,,,,,,,,,,,,,,,,,,,,,,
SUNTV,,,,,,,,,,,,,,,,,,,,,,,,,,,,,,,,,,,,,,,,,,,,,
SUPREMEIND,,,,,,,,,,,,,,,,,,,,,,,,,,,,,,,,,,,,,,,,,,,,,
SUVENPHAR,,,,,,,,,,,,,,,,,,,,,,,,,,,,,,,,,,,,,,,,,,,,,
SUZLON,,,,,,,,,,,,,,,,,,,,,,,,,,,,,,,,,,,,,,,,,,,,,
SWANENERGY,,,,,,,,,,,,,,,,,,,,,,,,,,,,,,,,,,,,,,,,,,,,,
SWIGGY,,,,,,,,,,,,,,,,,,,,,,,,,,,,,,,,,,,,,,,,,,,,,
SWSOLAR,,,,,,,,,,,,,,,,,,,,,,,,,,,,,,,,,,,,,,,,,,,,,
SYNGENE,,,,,,,,,,,,,,,,,,,,,,,,,,,,,,,,,,,,,,,,,,,,,
SYRMA,,,,,,,,,,,,,,,,,,,,,,,,,,,,,,,,,,,,,,,,,,,,,
TANLA,,,,,,,,,,,,,,,,,,,,,,,,,,,,,,,,,,,,,,,,,,,,,
TARIL,,,,,,,,,,,,,,,,,,,,,,,,,,,,,,,,,,,,,,,,,,,,,
TATACHEM,,,,,,,,,,,,,,,,,,,,,,,,,,,,,,,,,,,,,,,,,,,,,
TATACOMM,,,,,,,,,,,,,,,,,,,,,,,,,,,,,,,,,,,,,,,,,,,,,
TATACONSUM,,,,,,,,,,,,,,,,,,,,,,,,,,,,,,,,,,,,,,,,,,,,,
TATAELXSI,,,,,,,,,,,,,,,,,,,,,,,,,,,,,,,,,,,,,,,,,,,,,
TATAINVEST,,,,,,,,,,,,,,,,,,,,,,,,,,,,,,,,,,,,,,,,,,,,,
TATAMOTORS,,,,,,,,,,,,,,,,,,,,,,,,,,,,,,,,,,,,,,,,,,,,,
TATAPOWER,,,,,,,,,,,,,,,,,,,,,,,,,,,,,,,,,,,,,,,,,,,,,
TATASTEEL,,,,,,,,,,,,,,,,,,,,,,,,,,,,,,,,,,,,,,,,,,,,,
TATATECH,,,,,,,,,,,,,,,,,,,,,,,,,,,,,,,,,,,,,,,,,,,,,
TBOTEK,,,,,,,,,,,,,,,,,,,,,,,,,,,,,,,,,,,,,,,,,,,,,
TCS,,,,,,,,,,,,,,,,,,,,,,,,,,,,,,,,,,,,,,,,,,,,,
TECHM,,,,,,,,,,,,,,,,,,,,,,,,,,,,,,,,,,,,,,,,,,,,,
TECHNOE,,,,,,,,,,,,,,,,,,,,,,,,,,,,,,,,,,,,,,,,,,,,,
TEJASNET,,,,,,,,,,,,,,,,,,,,,,,,,,,,,,,,,,,,,,,,,,,,,
THERMAX,,,,,,,,,,,,,,,,,,,,,,,,,,,,,,,,,,,,,,,,,,,,,
TIINDIA,,,,,,,,,,,,,,,,,,,,,,,,,,,,,,,,,,,,,,,,,,,,,
TIMKEN,,,,,,,,,,,,,,,,,,,,,,,,,,,,,,,,,,,,,,,,,,,,,
TITAGARH,,,,,,,,,,,,,,,,,,,,,,,,,,,,,,,,,,,,,,,,,,,,,
TITAN,,,,,,,,,,,,,,,,,,,,,,,,,,,,,,,,,,,,,,,,,,,,,
TORNTPHARM,,,,,,,,,,,,,,,,,,,,,,,,,,,,,,,,,,,,,,,,,,,,,
TORNTPOWER,,,,,,,,,,,,,,,,,,,,,,,,,,,,,,,,,,,,,,,,,,,,,
TRENT,,,,,,,,,,,,,,,,,,,,,,,,,,,,,,,,,,,,,,,,,,,,,
TRIDENT,,,,,,,,,,,,,,,,,,,,,,,,,,,,,,,,,,,,,,,,,,,,,
TRITURBINE,,,,,,,,,,,,,,,,,,,,,,,,,,,,,,,,,,,,,,,,,,,,,
TRIVENI,,,,,,,,,,,,,,,,,,,,,,,,,,,,,,,,,,,,,,,,,,,,,
TTML,,,,,,,,,,,,,,,,,,,,,,,,,,,,,,,,,,,,,,,,,,,,,
TVSMOTOR,,,,,,,,,,,,,,,,,,,,,,,,,,,,,,,,,,,,,,,,,,,,,
UBL,,,,,,,,,,,,,,,,,,,,,,,,,,,,,,,,,,,,,,,,,,,,,
UCOBANK,,,,,,,,,,,,,,,,,,,,,,,,,,,,,,,,,,,,,,,,,,,,,
ULTRACEMCO,,,,,,,,,,,,,,,,,,,,,,,,,,,,,,,,,,,,,,,,,,,,,
UNIONBANK,,,,,,,,,,,,,,,,,,,,,,,,,,,,,,,,,,,,,,,,,,,,,
UNITDSPR,,,,,,,,,,,,,,,,,,,,,,,,,,,,,,,,,,,,,,,,,,,,,
UNOMINDA,,,,,,,,,,,,,,,,,,,,,,,,,,,,,,,,,,,,,,,,,,,,,
UPL,,,,,,,,,,,,,,,,,,,,,,,,,,,,,,,,,,,,,,,,,,,,,
USHAMART,,,,,,,,,,,,,,,,,,,,,,,,,,,,,,,,,,,,,,,,,,,,,
UTIAMC,,,,,,,,,,,,,,,,,,,,,,,,,,,,,,,,,,,,,,,,,,,,,
VBL,,,,,,,,,,,,,,,,,,,,,,,,,,,,,,,,,,,,,,,,,,,,,
VEDL,,,,,,,,,,,,,,,,,,,,,,,,,,,,,,,,,,,,,,,,,,,,,
VGUARD,,,,,,,,,,,,,,,,,,,,,,,,,,,,,,,,,,,,,,,,,,,,,
VIJAYA,,,,,,,,,,,,,,,,,,,,,,,,,,,,,,,,,,,,,,,,,,,,,
VMM,,,,,,,,,,,,,,,,,,,,,,,,,,,,,,,,,,,,,,,,,,,,,
VOLTAS,,,,,,,,,,,,,,,,,,,,,,,,,,,,,,,,,,,,,,,,,,,,,
VTL,,,,,,,,,,,,,,,,,,,,,,,,,,,,,,,,,,,,,,,,,,,,,
WAAREEENER,,,,,,,,,,,,,,,,,,,,,,,,,,,,,,,,,,,,,,,,,,,,,
WELCORP,,,,,,,,,,,,,,,,,,,,,,,,,,,,,,,,,,,,,,,,,,,,,
WELSPUNLIV,,,,,,,,,,,,,,,,,,,,,,,,,,,,,,,,,,,,,,,,,,,,,
WESTLIFE,,,,,,,,,,,,,,,,,,,,,,,,,,,,,,,,,,,,,,,,,,,,,
WHIRLPOOL,,,,,,,,,,,,,,,,,,,,,,,,,,,,,,,,,,,,,,,,,,,,,
WIPRO,,,,,,,,,,,,,,,,,,,,,,,,,,,,,,,,,,,,,,,,,,,,,
WOCKPHARMA,,,,,,,,,,,,,,,,,,,,,,,,,,,,,,,,,,,,,,,,,,,,,
YESBANK,,,,,,,,,,,,,,,,,,,,,,,,,,,,,,,,,,,,,,,,,,,,,
ZEEL,,,,,,,,,,,,,,,,,,,,,,,,,,,,,,,,,,,,,,,,,,,,,
ZENSARTECH,,,,,,,,,,,,,,,,,,,,,,,,,,,,,,,,,,,,,,,,,,,,,
ZENTEC,,,,,,,,,,,,,,,,,,,,,,,,,,,,,,,,,,,,,,,,,,,,,
ZFCVINDIA,,,,,,,,,,,,,,,,,,,,,,,,,,,,,,,,,,,,,,,,,,,,,
ZOMATO,,,,,,,,,,,,,,,,,,,,,,,,,,,,,,,,,,,,,,,,,,,,,
ZYDUSLIFE,,,,,,,,,,,,,,,,,,,,,,,,,,,,,,,,,,,,,,,,,,,,,
